股票代碼,股票名稱,週期,型態分類,預測方向,最新日期,最新收盤,型態相似度,當前狀態,匹配歷史股票,歷史爆發日期,歷史參考漲跌幅
2382.TW,廣達,45日,W底打底/右腳墊高,大漲,2026-09-25,338.5,99.99%,🔥 蓄勢待發 (未發動),3406.TW,2026-04-07,22.66%
2376.TW,技嘉,45日,W底打底/右腳墊高,大漲,2026-09-25,361.5,99.99%,🔥 蓄勢待發 (未發動),2345.TW,2024-11-12,13.48%
9904.TW,寶成,45日,箱型下破/空頭展開,大跌,2026-09-25,24.95,99.99%,⚠️ 蓄勢破線 (高風險),2327.TW,2022-09-20,-19.34%
2474.TW,可成,45日,W底打底/右腳墊高,大漲,2026-09-25,206.5,99.99%,🔥 蓄勢待發 (未發動),2454.TW,2023-09-27,14.25%
00929.TW,復華台灣科技優息,45日,W底打底/右腳墊高,大漲,2026-09-25,29.18,99.99%,🔥 蓄勢待發 (未發動),2404.TW,2024-11-05,15.42%
2317.TW,鴻海,45日,假突破誘多/爆量出貨,大跌,2026-09-25,250.5,99.98%,⚠️ 蓄勢破線 (高風險),2327.TW,2024-10-21,-14.33%
2882.TW,國泰金,45日,W底打底/右腳墊高,大漲,2026-09-25,110.5,99.98%,🔥 蓄勢待發 (未發動),2376.TW,2023-05-09,17.99%
2891.TW,中信金,45日,箱型下破/空頭展開,大跌,2026-09-25,68.5,99.98%,⚠️ 蓄勢破線 (高風險),3044.TW,2025-03-26,-29.36%
1216.TW,統一,45日,箱型下破/空頭展開,大跌,2026-09-25,74.5,99.98%,⚠️ 蓄勢破線 (高風險),3711.TW,2025-03-27,-26.52%
2002.TW,中鋼,45日,箱型下破/空頭展開,大跌,2026-09-25,18.65,99.98%,⚠️ 蓄勢破線 (高風險),3231.TW,2025-03-26,-29.19%
2357.TW,華碩,45日,W底打底/右腳墊高,大漲,2026-09-25,953.0,99.98%,🔥 蓄勢待發 (未發動),3706.TW,2025-10-22,17.72%
4938.TW,和碩,45日,箱型收斂/均線發散,大漲,2026-09-25,91.3,99.98%,🔥 蓄勢待發 (未發動),6672.TW,2026-03-16,30.86%
2603.TW,長榮,45日,W底打底/右腳墊高,大漲,2026-09-25,243.0,99.98%,🔥 蓄勢待發 (未發動),3231.TW,2024-03-26,12.82%
2377.TW,微星,45日,箱型下破/空頭展開,大跌,2026-09-25,151.5,99.98%,⚠️ 蓄勢破線 (高風險),5347.TWO,2024-08-27,-12.25%
2356.TW,英業達,45日,破底翻/強勢長紅,大漲,2026-09-25,59.9,99.98%,盤整偏弱 (-4.31%),1301.TW,2026-05-22,14.93%
1301.TW,台塑,45日,W底打底/右腳墊高,大漲,2026-09-25,64.1,99.98%,🔥 蓄勢待發 (未發動),3035.TW,2023-12-28,19.18%
6415.TW,矽力*-KY,45日,箱型下破/空頭展開,大跌,2026-09-25,425.5,99.98%,反彈中 (5.06%),3231.TW,2023-10-05,-14.95%
3702.TW,大聯大,45日,箱型下破/空頭展開,大跌,2026-09-25,117.5,99.98%,反彈中 (8.8%),3017.TW,2023-10-05,-14.54%
2353.TW,宏碁,45日,W底打底/右腳墊高,大漲,2026-09-25,31.75,99.98%,🔥 蓄勢待發 (未發動),4919.TW,2022-03-14,23.8%
2371.TW,大同,45日,M頭雙頂/測高不過,大跌,2026-09-25,28.85,99.98%,⚠️ 蓄勢破線 (高風險),6239.TW,2025-03-26,-25.0%
2374.TW,佳能,45日,W底打底/右腳墊高,大漲,2026-09-25,66.3,99.98%,🔥 蓄勢待發 (未發動),3037.TW,2023-03-16,14.29%
3706.TW,神達,45日,W底打底/右腳墊高,大漲,2026-09-25,78.5,99.98%,盤整偏弱 (-4.27%),3017.TW,2022-05-13,12.39%
6239.TW,力成,45日,W底打底/右腳墊高,大漲,2026-09-25,287.0,99.98%,🔥 蓄勢待發 (未發動),3017.TW,2022-11-30,12.39%
6409.TW,旭隼,45日,W底打底/右腳墊高,大漲,2026-09-25,879.0,99.98%,🔥 蓄勢待發 (未發動),2454.TW,2024-09-13,12.89%
8210.TW,勤誠,45日,W底打底/右腳墊高,大漲,2026-09-25,897.0,99.98%,🔥 蓄勢待發 (未發動),3481.TW,2022-08-08,16.92%
8454.TW,富邦媒,45日,W底打底/右腳墊高,大漲,2026-09-25,239.0,99.98%,🔥 蓄勢待發 (未發動),2383.TW,2024-01-09,19.94%
00713.TW,元大台灣高息低波,45日,箱型下破/空頭展開,大跌,2026-09-25,63.2,99.98%,⚠️ 蓄勢破線 (高風險),2884.TW,2025-03-28,-12.63%
5347.TWO,未知,45日,W底打底/右腳墊高,大漲,2026-09-25,170.5,99.98%,已發動大漲 (+8.25%),6505.TW,2026-07-10,58.5%
2330.TW,台積電,45日,W底打底/右腳墊高,大漲,2026-09-25,2475.0,99.97%,🔥 蓄勢待發 (未發動),3044.TW,2026-01-12,17.87%
2308.TW,台達電,45日,W底打底/右腳墊高,大漲,2026-09-25,1910.0,99.97%,已發動大漲 (+14.03%),6239.TW,2026-05-08,27.48%
2412.TW,中華電,45日,W底打底/右腳墊高,大漲,2026-09-25,145.0,99.97%,🔥 蓄勢待發 (未發動),6239.TW,2023-12-08,25.51%
3711.TW,日月光投控,45日,W底打底/右腳墊高,大漲,2026-09-25,699.0,99.97%,盤整偏弱 (7.54%),2308.TW,2026-01-21,12.77%
2885.TW,元大金,45日,W底打底/右腳墊高,大漲,2026-09-25,69.2,99.97%,🔥 蓄勢待發 (未發動),3711.TW,2024-02-22,18.05%
3231.TW,緯創,45日,箱型下破/空頭展開,大跌,2026-09-25,184.5,99.97%,⚠️ 蓄勢破線 (高風險),8046.TW,2025-03-19,-21.41%
2301.TW,光寶科,45日,W底打底/右腳墊高,大漲,2026-09-25,287.0,99.97%,🔥 蓄勢待發 (未發動),3661.TW,2023-12-04,17.36%
2379.TW,瑞昱,45日,破底翻/強勢長紅,大漲,2026-09-25,749.0,99.97%,盤整偏弱 (7.61%),2352.TW,2025-08-14,23.72%
6505.TW,台塑化,45日,箱型下破/空頭展開,大跌,2026-09-25,87.2,99.97%,⚠️ 蓄勢破線 (高風險),2377.TW,2026-08-12,-14.71%
2609.TW,陽明,45日,W底打底/右腳墊高,大漲,2026-09-25,59.6,99.97%,🔥 蓄勢待發 (未發動),3189.TW,2025-12-16,14.81%
6669.TW,緯穎,45日,箱型下破/空頭展開,大跌,2026-09-25,2115.0,99.97%,已發動大跌 (-9.81%),2454.TW,2024-07-30,-21.04%
3034.TW,聯詠,45日,破底翻/強勢長紅,大漲,2026-09-25,543.0,99.97%,🔥 蓄勢待發 (未發動),6239.TW,2023-11-29,20.53%
1326.TW,台化,45日,箱型下破/空頭展開,大跌,2026-09-25,67.0,99.97%,反彈中 (-6.03%),2301.TW,2026-07-16,-15.14%
2207.TW,和泰車,45日,箱型下破/空頭展開,大跌,2026-09-25,510.0,99.97%,⚠️ 蓄勢破線 (高風險),9921.TW,2022-09-19,-13.92%
9910.TW,豐泰,45日,W底打底/右腳墊高,大漲,2026-09-25,69.4,99.97%,🔥 蓄勢待發 (未發動),8210.TW,2024-11-05,13.44%
1402.TW,遠東新,45日,W底打底/右腳墊高,大漲,2026-09-25,28.15,99.97%,🔥 蓄勢待發 (未發動),6672.TW,2023-08-01,19.88%
2912.TW,統一超,45日,假突破誘多/爆量出貨,大跌,2026-09-25,212.5,99.97%,⚠️ 蓄勢破線 (高風險),4958.TW,2025-03-24,-23.74%
2395.TW,研華,45日,破底翻/強勢長紅,大漲,2026-09-25,722.0,99.97%,已發動大漲 (+9.56%),6669.TW,2025-07-30,28.11%
2352.TW,佳世達,45日,箱型下破/空頭展開,大跌,2026-09-25,29.0,99.97%,⚠️ 蓄勢破線 (高風險),4919.TW,2022-06-13,-15.92%
3017.TW,奇鋐,45日,箱型下破/空頭展開,大跌,2026-09-25,3555.0,99.97%,⚠️ 蓄勢破線 (高風險),6669.TW,2026-06-04,-12.93%
4958.TW,臻鼎-KY,45日,W底打底/右腳墊高,大漲,2026-09-25,475.5,99.97%,🔥 蓄勢待發 (未發動),3661.TW,2025-12-16,16.42%
6269.TW,台郡,45日,M頭雙頂/測高不過,大跌,2026-09-25,64.8,99.97%,⚠️ 蓄勢破線 (高風險),2371.TW,2026-02-23,-13.9%
6271.TW,同欣電,45日,W底打底/右腳墊高,大漲,2026-09-25,229.0,99.97%,🔥 蓄勢待發 (未發動),3406.TW,2022-08-24,12.03%
0050.TW,元大台灣50,45日,破底翻/強勢長紅,大漲,2026-09-25,112.4,99.97%,🔥 蓄勢待發 (未發動),2327.TW,2026-01-08,24.63%
00919.TW,群益台灣精選高息,45日,破底翻/強勢長紅,大漲,2026-09-25,31.83,99.97%,🔥 蓄勢待發 (未發動),2308.TW,2024-07-22,13.52%
2454.TW,聯發科,45日,W底打底/右腳墊高,大漲,2026-09-25,5285.0,99.96%,已發動大漲 (+11.97%),2303.TW,2026-05-06,23.64%
2303.TW,聯電,45日,W底打底/右腳墊高,大漲,2026-09-25,154.0,99.96%,已發動大漲 (+8.07%),2383.TW,2025-05-19,17.54%
2884.TW,玉山金,45日,W底打底/右腳墊高,大漲,2026-09-25,45.6,99.96%,🔥 蓄勢待發 (未發動),3702.TW,2026-05-07,19.32%
5880.TW,合庫金,45日,W底打底/右腳墊高,大漲,2026-09-25,26.45,99.96%,🔥 蓄勢待發 (未發動),2301.TW,2025-09-02,33.6%
3045.TW,台灣大,45日,W底打底/右腳墊高,大漲,2026-09-25,122.5,99.96%,🔥 蓄勢待發 (未發動),0050.TW,2026-02-05,12.72%
2408.TW,南亞科,45日,箱型下破/空頭展開,大跌,2026-09-25,503.0,99.96%,⚠️ 蓄勢破線 (高風險),6669.TW,2024-04-18,-14.8%
2615.TW,萬海,45日,箱型下破/空頭展開,大跌,2026-09-25,115.5,99.96%,反彈中 (4.52%),2404.TW,2024-04-26,-12.99%
2345.TW,智邦,45日,W底打底/右腳墊高,大漲,2026-09-25,1895.0,99.96%,🔥 蓄勢待發 (未發動),2308.TW,2026-08-06,12.2%
5876.TW,上海商銀,45日,W底打底/右腳墊高,大漲,2026-09-25,48.95,99.96%,🔥 蓄勢待發 (未發動),2356.TW,2023-03-09,15.4%
3533.TW,嘉澤,45日,假突破誘多/爆量出貨,大跌,2026-09-25,1690.0,99.96%,反彈中 (7.3%),6409.TW,2025-05-16,-12.38%
4919.TW,新唐,45日,箱型收斂/均線發散,大漲,2026-09-25,136.0,99.96%,已發動大漲 (+16.74%),6415.TW,2026-01-13,26.1%
9945.TW,潤泰新,45日,強勢回測20MA/洗盤再起,大漲,2026-09-25,29.9,99.96%,盤整偏弱 (7.75%),2371.TW,2024-04-10,24.28%
0056.TW,元大高股息,45日,W底打底/右腳墊高,大漲,2026-09-25,56.65,99.96%,🔥 蓄勢待發 (未發動),2308.TW,2024-07-03,14.36%
2881.TW,富邦金,45日,W底打底/右腳墊高,大漲,2026-09-25,150.0,99.95%,🔥 蓄勢待發 (未發動),3044.TW,2023-05-10,14.61%
2886.TW,兆豐金,45日,箱型下破/空頭展開,大跌,2026-09-25,49.6,99.95%,⚠️ 蓄勢破線 (高風險),00713.TW,2025-03-27,-13.59%
2887.TW,台新新光金,45日,W底打底/右腳墊高,大漲,2026-09-25,42.5,99.95%,🔥 蓄勢待發 (未發動),8210.TW,2025-10-14,53.26%
2327.TW,國巨*,45日,假突破誘多/爆量出貨,大跌,2026-09-25,580.0,99.95%,⚠️ 蓄勢破線 (高風險),8454.TW,2022-05-31,-12.58%
2890.TW,永豐金,45日,箱型下破/空頭展開,大跌,2026-09-25,45.15,99.95%,反彈中 (5.24%),2395.TW,2023-07-27,-12.15%
2409.TW,友達,45日,箱型下破/空頭展開,大跌,2026-09-25,34.2,99.95%,反彈中 (9.62%),4919.TW,2022-03-31,-18.33%
3481.TW,群創,45日,W底打底/右腳墊高,大漲,2026-09-25,49.55,99.95%,🔥 蓄勢待發 (未發動),3481.TW,2023-06-12,12.22%
2383.TW,台光電,45日,箱型下破/空頭展開,大跌,2026-09-25,5050.0,99.95%,反彈中 (-6.05%),2345.TW,2025-03-18,-13.64%
2404.TW,漢唐,45日,強勢回測20MA/洗盤再起,大漲,2026-09-25,1285.0,99.95%,已發動大漲 (+21.23%),6669.TW,2026-04-22,14.25%
2451.TW,創見,45日,W底打底/右腳墊高,大漲,2026-09-25,284.5,99.95%,🔥 蓄勢待發 (未發動),2404.TW,2025-05-13,22.2%
9921.TW,巨大,45日,箱型下破/空頭展開,大跌,2026-09-25,90.6,99.95%,反彈中 (-6.89%),8454.TW,2025-03-21,-13.35%
2892.TW,第一金,45日,W底打底/右腳墊高,大漲,2026-09-25,39.5,99.94%,🔥 蓄勢待發 (未發動),2330.TW,2024-07-02,12.5%
2880.TW,華南金,45日,W底打底/右腳墊高,大漲,2026-09-25,45.75,99.94%,🔥 蓄勢待發 (未發動),2603.TW,2024-02-27,19.75%
2883.TW,凱基金,45日,W底打底/右腳墊高,大漲,2026-09-25,38.95,99.94%,🔥 蓄勢待發 (未發動),2330.TW,2024-07-02,12.5%
1303.TW,南亞,45日,箱型下破/空頭展開,大跌,2026-09-25,238.0,99.94%,⚠️ 蓄勢破線 (高風險),6409.TW,2026-09-01,-16.41%
2449.TW,京元電子,45日,W底打底/右腳墊高,大漲,2026-09-25,311.0,99.94%,已發動大漲 (+14.55%),8210.TW,2025-06-03,27.92%
3044.TW,健鼎,45日,箱型下破/空頭展開,大跌,2026-09-25,538.0,99.94%,反彈中 (6.96%),2327.TW,2026-01-27,-15.76%
8996.TW,高力,45日,箱型下破/空頭展開,大跌,2026-09-25,1530.0,99.94%,反彈中 (17.69%),4919.TW,2022-04-06,-13.34%
3008.TW,大立光,45日,箱型下破/空頭展開,大跌,2026-09-25,6245.0,99.93%,反彈中 (-7.07%),2382.TW,2023-09-06,-13.98%
1101.TW,台泥,45日,M頭雙頂/測高不過,大跌,2026-09-25,25.25,99.93%,⚠️ 蓄勢破線 (高風險),4919.TW,2024-12-05,-12.89%
3189.TW,景碩,45日,強勢回測20MA/洗盤再起,大漲,2026-09-25,962.0,99.93%,已發動大漲 (+16.32%),8996.TW,2026-01-29,19.82%
6531.TW,愛普*,45日,破底翻/強勢長紅,大漲,2026-09-25,993.0,99.93%,🔥 蓄勢待發 (未發動),2409.TW,2026-05-12,17.89%
8046.TW,南電,45日,假突破誘多/爆量出貨,大跌,2026-09-25,1240.0,99.93%,反彈中 (15.89%),3037.TW,2022-07-22,-17.51%
00878.TW,國泰永續高股息,45日,破底翻/強勢長紅,大漲,2026-09-25,34.88,99.93%,🔥 蓄勢待發 (未發動),6176.TW,2024-03-06,24.84%
6176.TW,瑞儀,45日,W底打底/右腳墊高,大漲,2026-09-25,91.8,99.92%,🔥 蓄勢待發 (未發動),4919.TW,2024-10-11,19.15%
6456.TW,GIS-KY,45日,M頭雙頂/測高不過,大跌,2026-09-25,81.3,99.92%,反彈中 (26.83%),8996.TW,2022-03-25,-12.63%
6672.TW,騰輝電子-KY,45日,弱勢弱彈受阻/再破底,大跌,2026-09-25,337.5,99.92%,反彈中 (12.88%),1301.TW,2025-07-31,-12.19%
2801.TW,彰銀,45日,W底打底/右腳墊高,大漲,2026-09-25,27.75,99.91%,🔥 蓄勢待發 (未發動),3533.TW,2024-05-02,13.12%
3035.TW,智原,45日,W底打底/右腳墊高,大漲,2026-09-25,206.5,99.91%,已發動大漲 (+15.36%),2327.TW,2026-04-22,17.75%
3037.TW,欣興,45日,箱型收斂/均線發散,大漲,2026-09-25,1185.0,99.9%,已發動大漲 (+19.22%),8996.TW,2022-08-22,25.01%
3661.TW,世芯-KY,45日,W底打底/右腳墊高,大漲,2026-09-25,3770.0,99.9%,盤整偏弱 (-7.03%),3661.TW,2025-12-24,17.45%
8072.TW,陞泰,45日,弱勢弱彈受阻/再破底,大跌,2026-09-25,28.35,99.84%,反彈中 (9.46%),4919.TW,2026-07-06,-22.13%
3406.TW,玉晶光,45日,W底打底/右腳墊高,大漲,2026-09-25,901.0,99.76%,盤整偏弱 (-15.79%),2301.TW,2023-08-14,12.55%
2834.TW,臺企銀,45日,M頭雙頂/測高不過,大跌,2026-09-25,17.85,99.68%,⚠️ 蓄勢破線 (高風險),8996.TW,2023-09-08,-14.15%
