Date,Open,High,Low,Close,Volume
2021-10-01,234.38,236.07,230.59,232.69,1587285
2021-10-04,233.12,233.54,231.43,232.69,928632
2021-10-05,232.27,236.91,231.43,235.22,1899598
2021-10-06,235.22,238.6,235.22,237.33,2677829
2021-10-07,239.02,240.28,237.75,240.28,1309904
2021-10-08,239.44,241.97,238.6,241.97,660732
2021-10-12,239.44,242.39,236.91,239.44,1468521
2021-10-13,238.17,240.7,236.91,239.44,1316246
2021-10-14,238.6,241.55,238.6,240.7,975952
2021-10-15,242.39,245.34,241.55,244.5,1907659
2021-10-18,245.34,245.76,241.97,242.81,664282
2021-10-19,242.81,244.08,241.97,242.81,540770
2021-10-20,244.08,244.08,239.44,241.55,683136
2021-10-21,242.39,242.39,237.33,237.33,931630
2021-10-22,238.17,242.39,238.17,242.39,749192
2021-10-25,241.97,242.39,239.02,239.02,543066
2021-10-26,240.7,240.7,234.38,239.02,1941500
2021-10-27,238.17,238.6,236.91,237.75,917106
2021-10-28,236.91,238.17,236.91,237.75,487420
2021-10-29,236.91,238.6,235.22,236.91,958207
2021-11-01,236.91,237.75,235.22,237.33,720973
2021-11-02,237.75,239.44,236.07,237.75,1094735
2021-11-03,236.91,237.75,234.38,235.22,1188852
2021-11-04,237.75,238.17,235.22,237.33,627758
2021-11-05,236.07,239.86,236.07,239.44,967762
2021-11-08,239.44,242.39,238.6,241.97,1061785
2021-11-09,241.97,244.92,239.86,244.92,1721808
2021-11-10,244.5,245.34,242.39,244.5,1109481
2021-11-11,244.5,245.34,241.55,244.08,885586
2021-11-12,245.34,245.34,242.39,244.5,716706
2021-11-15,244.5,245.34,242.81,244.5,1273337
2021-11-16,244.5,245.34,242.81,244.92,1325327
2021-11-17,243.23,246.18,242.81,246.18,1853573
2021-11-18,246.18,247.87,243.65,246.18,1277601
2021-11-19,244.5,247.87,244.08,247.45,1737334
2021-11-22,247.45,247.45,243.23,243.23,821401
2021-11-23,242.81,243.23,239.02,239.02,946723
2021-11-24,239.86,241.97,239.02,240.7,858997
2021-11-25,241.13,241.13,238.17,239.86,869691
2021-11-26,238.6,240.28,235.65,236.07,1140005
2021-11-29,236.49,238.17,233.54,233.96,1046965
2021-11-30,232.69,235.65,226.79,226.79,8888820
2021-12-01,228.48,233.96,227.64,233.12,1559711
2021-12-02,231.43,234.38,231.43,233.96,854189
2021-12-03,235.22,235.22,230.59,231.85,1228722
2021-12-06,231.01,234.8,230.17,233.12,1058132
2021-12-07,233.12,233.96,231.43,233.12,762119
2021-12-08,233.96,234.8,231.85,231.85,974204
2021-12-09,231.85,233.96,231.43,233.54,949505
2021-12-10,233.54,233.54,232.27,232.27,376471
2021-12-13,233.54,233.96,230.17,230.17,945067
2021-12-14,229.32,230.59,227.21,229.74,1584695
2021-12-15,229.32,230.17,227.21,227.64,2204962
2021-12-16,228.48,230.17,225.95,230.17,2182821
2021-12-17,229.74,231.85,229.32,231.85,1413683
2021-12-20,229.32,230.59,228.06,229.32,1382090
2021-12-21,228.48,232.69,228.48,232.27,1078431
2021-12-22,231.85,231.85,229.32,229.32,871423
2021-12-23,230.17,231.85,228.48,230.17,1319777
2021-12-24,230.17,231.85,230.17,231.43,780982
2021-12-27,231.85,232.27,231.01,231.01,370386
2021-12-28,231.43,231.85,229.74,230.17,552338
2021-12-29,231.85,231.85,230.17,230.59,496267
2021-12-30,231.43,231.85,229.74,230.59,523025
2022-01-03,231.85,232.69,230.17,230.59,595808
2022-01-04,228.9,231.01,228.9,231.01,592418
2022-01-05,229.32,231.85,229.32,231.85,440308
2022-01-06,231.01,231.85,229.74,231.43,608995
2022-01-07,230.17,231.43,228.9,228.9,713257
2022-01-10,228.9,231.01,228.48,231.01,591431
2022-01-11,229.74,231.85,229.32,231.01,916997
2022-01-12,231.01,231.01,228.9,229.32,640775
2022-01-13,229.74,230.59,228.9,229.32,470688
2022-01-14,229.32,229.32,226.79,226.79,1009012
2022-01-17,226.37,227.64,225.11,225.11,1012988
2022-01-18,226.79,228.48,225.95,226.79,643457
2022-01-19,228.06,230.17,227.64,228.9,879988
2022-01-20,228.9,229.74,225.53,226.37,1565003
2022-01-21,226.37,227.21,224.69,226.37,980529
2022-01-24,225.95,226.37,223.84,225.53,977461
2022-01-25,223.84,224.26,221.31,223.84,1838239
2022-01-26,224.26,224.69,223.0,223.42,950042
2022-02-07,222.16,223.42,219.21,220.47,2936988
2022-02-08,220.89,224.69,220.89,223.42,1424638
2022-02-09,221.73,223.42,220.89,221.73,1466430
2022-02-10,221.73,223.42,221.31,223.0,1426066
2022-02-11,223.0,223.0,221.73,222.58,486890
2022-02-14,222.16,222.16,219.63,220.05,1051274
2022-02-15,220.89,223.42,220.47,223.42,1082885
2022-02-16,225.11,225.53,223.0,223.84,1114332
2022-02-17,220.89,221.73,219.21,220.89,2144912
2022-02-18,220.89,222.58,220.05,221.31,1106904
2022-02-21,220.47,221.31,219.63,220.89,1916642
2022-02-22,219.63,220.89,219.21,220.89,2017787
2022-02-23,220.89,222.16,220.05,221.31,927290
2022-02-24,220.05,220.47,218.78,219.21,2483834
2022-02-25,219.21,220.47,217.52,220.47,7900603
2022-03-01,219.63,223.0,219.63,221.73,2162857
2022-03-02,221.73,223.0,220.89,222.58,1904098
2022-03-03,221.73,223.42,220.89,222.58,1406058
2022-03-04,222.16,223.84,220.47,223.84,1153223
2022-03-07,222.16,222.16,218.36,220.05,2014676
2022-03-08,220.47,220.89,218.36,220.05,2431813
2022-03-09,222.58,224.69,222.16,223.42,1631482
2022-03-10,223.42,225.95,223.0,225.53,961117
2022-03-11,225.95,225.95,220.05,221.73,1399186
2022-03-14,222.58,223.0,218.36,219.21,2474545
2022-03-15,220.05,220.89,218.78,220.47,1283044
2022-03-16,219.63,220.89,217.94,219.21,1131076
2022-03-17,222.16,223.42,217.94,220.05,2347633
2022-03-18,221.73,222.16,217.52,217.52,3003366
2022-03-21,219.21,220.05,218.36,218.78,1197719
2022-03-22,219.63,220.05,217.94,219.63,1393653
2022-03-23,220.05,222.58,219.21,219.21,1912018
2022-03-24,220.47,224.26,219.63,223.0,4360669
2022-03-25,220.89,221.73,219.63,221.31,1458450
2022-03-28,219.21,220.47,218.78,218.78,1579955
2022-03-29,218.78,220.89,218.78,220.05,635302
2022-03-30,221.31,222.58,220.47,221.31,1754717
2022-03-31,222.16,223.42,221.31,221.73,2735334
2022-04-01,220.89,223.0,220.05,221.73,1047704
2022-04-06,222.58,223.42,221.31,223.0,1802990
2022-04-07,220.47,223.0,219.63,221.31,1999320
2022-04-08,222.16,223.42,221.73,222.58,1696346
2022-04-11,222.58,225.53,222.58,224.26,1446426
2022-04-12,223.42,224.69,222.58,223.42,762465
2022-04-13,224.26,227.21,223.42,226.79,1172142
2022-04-14,226.79,226.79,224.69,225.11,481138
2022-04-15,225.11,227.21,224.69,225.95,724895
2022-04-18,224.69,228.06,224.26,228.06,1060059
2022-04-19,228.06,228.06,225.11,225.11,867343
2022-04-20,226.79,230.59,225.11,230.17,1801352
2022-04-21,231.43,231.43,228.48,228.9,898468
2022-04-22,227.64,230.17,225.95,228.9,922806
2022-04-25,225.95,230.17,225.95,229.32,1226049
2022-04-26,227.64,232.69,227.64,231.85,1237975
2022-04-27,231.01,233.12,228.9,231.43,1497618
2022-04-28,231.01,232.69,229.32,231.01,1480875
2022-04-29,229.32,231.43,229.32,230.59,514274
2022-05-03,231.85,236.07,231.85,235.22,1895967
2022-05-04,235.22,236.07,233.96,233.96,782775
2022-05-05,233.96,235.22,233.54,234.38,733018
2022-05-06,231.43,233.54,230.17,231.85,1994655
2022-05-09,227.64,229.74,225.11,225.11,1127601
2022-05-10,225.53,225.95,222.58,223.84,1143110
2022-05-11,222.58,225.11,221.73,223.0,1083600
2022-05-12,223.0,223.42,220.05,220.05,829380
2022-05-13,223.0,225.53,221.73,223.42,753447
2022-05-16,225.95,226.37,222.58,222.58,560118
2022-05-17,225.53,225.53,220.05,220.47,994755
2022-05-18,220.47,227.21,220.47,227.21,1703320
2022-05-19,225.11,234.38,222.16,234.38,2914218
2022-05-20,232.27,233.54,225.53,228.9,3504013
2022-05-23,226.37,226.79,220.47,220.89,2849312
2022-05-24,220.47,223.42,219.21,222.58,2338816
2022-05-25,222.58,226.37,221.31,226.37,2062624
2022-05-26,226.79,227.21,223.84,227.21,1675224
2022-05-27,227.64,228.9,224.26,227.21,1878328
2022-05-30,225.53,226.79,222.16,226.37,1930786
2022-05-31,225.11,232.27,223.42,232.27,3657279
2022-06-01,228.48,228.48,224.26,224.69,2179330
2022-06-02,223.42,225.11,221.73,221.73,1818119
2022-06-06,224.26,225.53,222.16,225.53,835343
2022-06-07,225.11,225.95,222.58,224.69,1093251
2022-06-08,223.84,225.53,223.84,224.69,720402
2022-06-09,223.84,224.69,223.0,223.42,527200
2022-06-10,223.0,224.69,222.16,222.58,673210
2022-06-13,222.16,223.42,220.89,221.73,1226840
2022-06-14,220.89,223.0,220.89,222.16,952903
2022-06-15,221.73,225.95,221.73,224.26,1109052
2022-06-16,225.95,225.95,223.0,223.0,868415
2022-06-17,222.16,224.26,220.05,220.05,2152738
2022-06-20,220.89,223.0,218.78,218.78,1931112
2022-06-21,221.73,225.53,220.47,221.73,2060030
2022-06-22,223.84,227.21,223.0,223.42,1235190
2022-06-23,225.95,227.64,224.26,227.21,1650644
2022-06-24,229.32,231.01,228.9,230.59,1447365
2022-06-27,231.01,231.01,226.79,229.32,1256853
2022-06-28,229.32,229.32,225.11,227.21,1935302
2022-06-29,229.32,230.59,226.79,229.74,2227310
2022-06-30,227.64,231.01,226.37,229.74,1203820
2022-07-01,229.74,230.59,227.64,230.17,780148
2022-07-04,230.17,233.12,229.74,232.27,1014205
2022-07-05,233.54,235.22,232.27,233.12,1274932
2022-07-06,233.12,234.8,231.01,232.27,1608999
2022-07-07,231.43,233.54,231.01,233.12,1330748
2022-07-08,231.43,233.54,231.01,232.27,1166423
2022-07-11,232.27,234.38,231.43,233.12,1657196
2022-07-12,233.96,234.8,232.69,233.96,1914147
2022-07-13,233.96,237.75,233.96,236.07,3420737
2022-07-14,236.07,241.13,235.22,239.86,2624882
2022-07-15,239.86,243.23,237.33,241.97,2082103
2022-07-18,243.23,245.34,240.7,242.81,3177266
2022-07-19,243.65,243.65,238.17,238.6,631386
2022-07-20,240.7,244.5,238.17,239.86,2286312
2022-07-21,240.7,242.39,237.75,240.28,1417697
2022-07-22,244.5,251.24,241.97,250.82,3826233
2022-07-25,249.56,252.09,249.56,250.82,1297217
2022-07-26,250.82,251.66,249.56,251.24,1186275
2022-07-27,249.56,250.82,241.97,245.76,2978074
2022-07-28,243.23,245.34,238.6,240.28,2419632
2022-07-29,241.13,241.97,238.6,238.6,1632568
2022-08-01,238.6,240.28,236.91,238.17,914106
2022-08-02,237.75,241.55,236.91,239.86,1368270
2022-08-03,242.47,242.91,239.86,240.73,946946
2022-08-04,240.73,241.17,235.51,236.81,911934
2022-08-05,242.91,246.39,239.86,242.91,1035532
2022-08-08,243.34,243.78,242.04,243.34,580114
2022-08-09,243.78,246.83,242.47,245.52,660740
2022-08-10,243.78,245.08,242.47,243.78,543141
2022-08-11,246.39,246.39,243.78,244.65,476469
2022-08-12,245.52,245.52,243.34,244.21,398503
2022-08-15,243.78,245.08,242.47,243.34,489016
2022-08-16,243.34,244.65,242.47,242.91,576103
2022-08-17,240.3,241.6,238.12,239.86,1561672
2022-08-18,241.17,241.6,238.55,241.6,927512
2022-08-19,240.73,242.91,238.99,241.6,1145135
2022-08-22,239.43,242.04,239.43,240.73,433000
2022-08-23,241.17,241.17,238.99,239.86,514780
2022-08-24,240.73,240.73,239.43,239.43,355862
2022-08-25,240.3,240.3,237.68,238.12,610584
2022-08-26,237.68,238.12,235.94,236.81,835958
2022-08-29,234.2,238.99,232.9,237.68,1721777
2022-08-30,236.38,238.12,234.64,236.38,1108416
2022-08-31,235.51,236.81,233.33,233.33,1756375
2022-09-01,232.03,234.64,231.15,233.77,799182
2022-09-02,233.33,236.81,233.33,236.38,592159
2022-09-05,237.25,243.78,235.51,242.04,1322860
2022-09-06,243.78,244.21,242.04,242.91,1184784
2022-09-07,242.47,244.21,240.73,241.6,982514
2022-09-08,240.73,246.39,240.73,246.39,1062635
2022-09-12,247.26,250.74,246.39,249.87,1434266
2022-09-13,250.74,251.18,248.57,250.31,1231851
2022-09-14,246.83,247.7,244.21,245.08,1080187
2022-09-15,241.6,244.21,238.55,243.34,1554537
2022-09-16,238.55,238.55,234.2,235.51,3025418
2022-09-19,236.38,238.12,234.2,236.81,1689497
2022-09-20,238.12,242.04,236.81,241.6,1417999
2022-09-21,241.6,245.96,241.6,244.65,1457531
2022-09-22,242.91,242.91,236.81,240.3,1220504
2022-09-23,240.3,240.73,235.94,236.81,1233859
2022-09-26,236.81,243.34,235.51,241.6,1358120
2022-09-27,243.34,246.83,242.04,244.65,1562000
2022-09-28,244.65,249.0,243.78,246.83,2065582
2022-09-29,247.26,250.31,246.83,249.0,1583280
2022-09-30,246.39,248.13,242.91,245.96,2057755
2022-10-03,243.34,247.7,242.04,247.26,929113
2022-10-04,245.52,248.13,244.21,246.83,1094479
2022-10-05,244.65,245.52,240.3,241.17,1556563
2022-10-06,242.04,243.34,239.86,240.73,680168
2022-10-07,239.43,241.17,238.55,239.43,659089
2022-10-11,237.25,238.99,233.33,233.33,1912559
2022-10-12,234.2,242.47,234.2,240.73,1208072
2022-10-13,239.86,244.65,238.99,244.21,2239446
2022-10-14,242.04,243.78,239.86,239.86,1476781
2022-10-17,238.99,241.6,236.38,236.81,942804
2022-10-18,237.25,240.3,236.38,238.55,1240554
2022-10-19,238.55,238.99,235.51,235.94,898983
2022-10-20,233.77,237.25,232.9,236.81,1819005
2022-10-21,237.25,237.68,234.2,235.07,760547
2022-10-24,237.25,237.25,234.2,234.64,489740
2022-10-25,235.94,235.94,228.54,232.03,2542443
2022-10-26,231.59,235.51,231.59,234.2,828973
2022-10-27,233.77,235.07,230.72,231.15,1791515
2022-10-28,232.46,233.33,231.15,232.46,976151
2022-10-31,233.33,235.51,232.9,233.33,921488
2022-11-01,232.9,235.94,232.9,235.07,637882
2022-11-02,233.77,235.51,232.46,233.77,978454
2022-11-03,232.46,233.77,229.85,230.28,1496397
2022-11-04,228.98,229.41,225.06,228.54,2802345
2022-11-07,228.98,230.28,226.8,228.54,1242313
2022-11-08,228.98,228.98,226.8,228.54,939454
2022-11-09,228.98,231.59,228.54,230.72,1381451
2022-11-10,230.72,231.15,228.11,228.54,1103411
2022-11-11,230.72,232.46,227.67,228.54,2030809
2022-11-14,229.41,232.46,228.98,232.46,1973897
2022-11-15,230.28,231.59,229.41,229.85,1433334
2022-11-16,229.41,231.15,228.11,228.11,1658358
2022-11-17,228.11,228.98,227.24,228.11,881574
2022-11-18,229.85,231.15,228.11,230.72,1244515
2022-11-21,231.15,231.59,229.41,231.15,1100533
2022-11-22,230.72,230.72,228.54,228.98,1197914
2022-11-23,230.28,230.72,228.98,230.28,693832
2022-11-24,231.59,232.03,229.85,230.72,902490
2022-11-25,231.15,232.03,230.28,230.72,858072
2022-11-28,230.28,231.59,228.98,230.28,1186913
2022-11-29,232.03,233.77,231.59,233.77,1259251
2022-11-30,233.77,238.12,231.59,237.25,2964686
2022-12-01,238.55,238.55,235.94,238.12,1289570
2022-12-02,235.07,237.25,232.9,233.33,1395723
2022-12-05,232.9,233.33,231.15,232.03,1629912
2022-12-06,232.03,233.77,230.72,230.72,1616789
2022-12-07,230.72,236.81,230.72,235.94,1778190
2022-12-08,233.77,238.12,232.46,238.12,1308796
2022-12-09,236.81,237.68,235.51,237.68,977788
2022-12-12,236.81,237.25,234.64,236.38,652991
2022-12-13,237.25,238.12,233.33,233.77,1379181
2022-12-14,235.94,238.55,235.94,238.12,1247938
2022-12-15,238.55,238.99,236.81,238.12,722368
2022-12-16,236.81,238.12,235.07,235.07,1276836
2022-12-19,233.77,236.38,233.77,235.51,592751
2022-12-20,234.2,235.94,232.9,234.2,762861
2022-12-21,235.07,235.07,232.46,235.07,703509
2022-12-22,235.07,237.68,233.77,236.81,623776
2022-12-23,234.2,235.94,232.9,233.33,985524
2022-12-26,234.64,235.07,232.46,233.77,722685
2022-12-27,234.2,235.07,232.9,235.07,645931
2022-12-28,234.64,235.94,233.33,235.51,761437
2022-12-29,233.77,237.68,233.33,236.38,881056
2022-12-30,236.81,238.55,236.38,236.81,674846
2023-01-03,234.2,236.38,232.9,235.51,727160
2023-01-04,235.94,236.38,234.2,234.64,657867
2023-01-05,235.07,237.68,235.07,236.38,778194
2023-01-06,237.68,237.68,235.51,235.51,601179
2023-01-09,238.12,239.86,235.94,239.43,1337137
2023-01-10,239.43,241.17,237.68,240.3,1448758
2023-01-11,238.99,240.3,235.94,236.81,1608873
2023-01-12,236.81,238.12,234.2,235.07,1894133
2023-01-13,236.38,238.12,235.07,235.94,987003
2023-01-16,237.25,238.99,236.81,237.68,589691
2023-01-17,237.68,238.12,235.51,236.38,1475850
2023-01-30,255.53,256.84,235.51,238.55,5391812
2023-01-31,237.68,238.12,235.07,235.07,3210501
2023-02-01,236.38,236.81,234.64,235.94,1052519
2023-02-02,235.51,235.94,232.9,232.9,2411843
2023-02-03,233.33,234.64,233.33,234.64,734140
2023-02-06,234.2,234.64,232.9,232.9,992603
2023-02-07,233.33,234.64,232.9,232.9,1052549
2023-02-08,233.33,234.2,232.9,232.9,1410034
2023-02-09,232.9,234.2,232.46,232.9,690449
2023-02-10,232.46,234.2,232.46,233.77,682960
2023-02-13,234.64,235.51,233.77,235.51,672608
2023-02-14,235.94,236.38,234.64,236.38,768464
2023-02-15,235.51,236.38,232.9,232.9,1253221
2023-02-16,234.2,234.64,232.9,234.64,855386
2023-02-17,234.2,234.2,232.9,233.33,846127
2023-02-20,233.33,234.2,232.9,233.33,858266
2023-02-21,233.77,234.2,233.33,233.77,610564
2023-02-22,233.77,235.07,232.9,234.64,1810581
2023-02-23,234.2,234.64,233.33,234.2,1239808
2023-02-24,235.07,235.07,232.46,232.46,2198939
2023-03-01,232.46,233.33,231.15,231.15,3206057
2023-03-02,232.46,232.46,231.15,231.59,825467
2023-03-03,232.46,233.77,232.03,232.9,599954
2023-03-06,234.2,235.51,233.33,235.51,1178773
2023-03-07,235.51,235.51,233.77,235.07,1049324
2023-03-08,234.64,234.64,233.33,234.2,1073824
2023-03-09,235.07,235.51,234.2,234.64,876749
2023-03-10,234.2,234.2,232.9,232.9,801746
2023-03-13,233.33,234.64,232.46,234.64,661009
2023-03-14,232.46,233.33,232.03,232.03,1572719
2023-03-15,233.77,234.2,232.03,232.46,1160378
2023-03-16,232.03,233.77,232.03,232.03,758766
2023-03-17,233.33,234.2,232.46,233.33,902345
2023-03-20,234.2,234.2,232.03,232.9,510561
2023-03-21,233.77,233.77,232.9,233.33,565690
2023-03-22,234.2,234.64,233.33,233.77,726126
2023-03-23,234.64,235.07,233.33,235.07,827093
2023-03-24,235.51,235.94,234.64,235.94,785824
2023-03-27,236.38,236.81,235.94,236.38,634549
2023-03-28,237.25,238.99,236.38,238.12,876713
2023-03-29,238.55,238.99,235.51,235.94,1152089
2023-03-30,235.94,235.94,234.2,234.64,812756
2023-03-31,235.07,237.25,234.64,234.64,1179005
2023-04-06,233.33,234.64,232.9,233.33,1372349
2023-04-07,234.2,235.07,233.33,234.64,285100
2023-04-10,235.07,235.51,234.2,234.2,330893
2023-04-11,234.2,236.38,234.2,235.51,838114
2023-04-12,235.51,235.94,234.2,234.2,644073
2023-04-13,234.2,236.81,233.77,236.81,914926
2023-04-14,236.38,236.81,235.51,235.94,702896
2023-04-17,235.94,235.94,235.51,235.94,517019
2023-04-18,235.94,237.68,234.2,234.64,1262173
2023-04-19,235.94,235.94,234.2,235.07,869370
2023-04-20,234.2,235.94,233.77,234.2,586936
2023-04-21,235.51,235.94,234.2,235.07,663034
2023-04-24,233.77,235.51,231.59,235.07,610801
2023-04-25,235.51,235.94,234.64,235.94,560170
2023-04-26,235.51,237.68,234.2,237.25,1180256
2023-04-27,236.38,237.25,235.51,236.38,502933
2023-04-28,237.25,237.25,235.07,235.51,712475
2023-05-02,236.38,237.68,235.51,237.68,660197
2023-05-03,237.25,237.68,235.94,237.25,466950
2023-05-04,238.55,248.57,237.68,248.57,4318087
2023-05-05,246.83,248.57,242.47,247.7,2250086
2023-05-08,248.13,249.44,245.96,248.57,1167981
2023-05-09,248.13,248.57,244.65,246.83,865964
2023-05-10,245.08,247.7,244.21,247.7,857076
2023-05-11,247.7,252.05,245.96,249.87,1502318
2023-05-12,248.57,252.05,248.13,250.31,1061462
2023-05-15,248.13,250.31,248.13,249.87,737208
2023-05-16,251.18,252.49,249.87,252.05,1337958
2023-05-17,250.74,252.49,250.31,252.05,1292180
2023-05-18,249.44,252.05,249.44,250.31,1126722
2023-05-19,251.61,254.23,250.31,252.49,1558698
2023-05-22,251.18,252.05,248.57,249.0,1247600
2023-05-23,250.31,251.61,248.13,249.87,1011119
2023-05-24,249.87,249.87,246.83,249.0,890506
2023-05-25,245.52,246.83,244.65,244.65,1532977
2023-05-26,242.91,244.21,242.04,243.78,1157635
2023-05-29,245.08,246.39,242.91,242.91,1099056
2023-05-30,242.91,242.91,240.3,241.6,1535842
2023-05-31,241.17,243.78,241.17,243.34,7693021
2023-06-01,243.78,245.08,241.17,243.78,874676
2023-06-02,243.34,245.08,242.04,244.21,1232106
2023-06-05,244.21,246.39,244.21,245.08,566920
2023-06-06,245.96,247.26,245.08,246.83,522604
2023-06-07,246.83,248.13,246.83,248.13,806989
2023-06-08,247.26,248.13,245.96,246.83,481536
2023-06-09,248.13,248.57,247.26,247.26,486248
2023-06-12,246.83,248.13,246.39,247.26,349743
2023-06-13,247.7,249.87,247.26,248.57,1140567
2023-06-14,248.13,248.57,245.96,246.83,553115
2023-06-15,247.26,249.87,246.83,249.87,972792
2023-06-16,249.44,250.31,247.7,247.7,1285652
2023-06-19,247.26,249.87,247.26,249.44,424759
2023-06-20,249.87,249.87,246.83,246.83,671851
2023-06-21,246.83,248.57,246.39,247.7,844170
2023-06-26,245.52,247.26,244.65,246.39,1024101
2023-06-27,246.39,249.44,246.39,249.44,830911
2023-06-28,250.74,252.05,249.87,252.05,1020729
2023-06-29,252.49,252.49,248.57,249.0,1086228
2023-06-30,247.7,248.57,245.96,245.96,1303406
2023-07-03,246.39,248.13,246.39,246.83,538641
2023-07-04,248.13,249.87,247.7,249.0,833775
2023-07-05,248.13,249.0,245.08,245.96,962628
2023-07-06,248.13,248.13,242.91,243.78,1317779
2023-07-07,242.47,246.83,242.47,246.39,859144
2023-07-10,245.52,250.74,245.52,250.31,1526345
2023-07-11,252.05,252.49,250.31,252.49,1064803
2023-07-12,249.87,255.1,249.44,253.79,1529130
2023-07-13,252.92,253.36,248.13,249.0,1036019
2023-07-14,249.0,250.74,247.26,247.7,1054607
2023-07-17,248.13,249.87,247.26,249.0,717393
2023-07-18,247.26,249.0,246.39,247.7,1715949
2023-07-19,247.7,249.0,246.83,247.26,1095033
2023-07-20,246.83,248.57,245.96,245.96,996097
2023-07-21,245.96,247.7,244.65,244.65,1015387
2023-07-24,244.65,248.13,244.65,246.83,1129169
2023-07-25,247.7,247.7,243.78,244.65,1791647
2023-07-26,245.96,247.26,244.65,246.39,642155
2023-07-27,246.39,246.39,244.65,244.65,1011403
2023-07-28,244.65,245.96,243.78,244.65,841281
2023-07-31,245.96,246.39,242.91,242.91,1822596
2023-08-01,243.78,245.52,243.78,244.65,711577
2023-08-02,244.21,244.65,243.34,244.21,1415056
2023-08-04,244.21,245.11,242.42,242.42,2637404
2023-08-07,242.42,246.01,242.42,244.21,964098
2023-08-08,243.76,244.21,241.07,241.07,2037447
2023-08-09,241.52,243.31,241.07,241.97,851934
2023-08-10,241.07,242.86,241.07,241.52,1265654
2023-08-11,241.52,244.66,241.52,243.31,908903
2023-08-14,244.21,245.11,242.86,244.21,630001
2023-08-15,244.66,246.01,242.86,242.86,872482
2023-08-16,241.97,245.56,241.97,244.66,846414
2023-08-17,242.86,248.26,242.86,246.46,1874710
2023-08-18,245.11,245.56,242.86,242.86,894898
2023-08-21,243.76,244.66,241.07,241.07,819343
2023-08-22,241.97,242.42,241.07,241.52,446754
2023-08-23,241.52,242.42,241.07,241.07,450897
2023-08-24,241.52,242.86,241.52,241.97,430127
2023-08-25,241.97,242.86,241.07,241.07,386065
2023-08-28,242.42,243.76,242.42,242.86,326327
2023-08-29,243.31,245.56,242.86,243.31,439179
2023-08-30,244.66,244.66,243.31,243.31,349825
2023-08-31,243.31,243.76,240.62,240.62,1789513
2023-09-01,241.52,243.31,241.52,242.42,243267
2023-09-04,241.52,243.31,241.52,241.97,361516
2023-09-05,241.07,242.42,241.07,241.97,304775
2023-09-06,241.97,241.97,240.62,240.62,578473
2023-09-07,240.62,242.42,240.62,241.52,1009324
2023-09-08,241.07,241.97,239.72,241.52,1059832
2023-09-11,240.62,241.97,240.62,241.07,1177973
2023-09-12,241.52,241.97,240.17,240.17,1289544
2023-09-13,240.62,241.52,240.17,240.17,1002257
2023-09-14,241.52,241.97,240.17,241.52,766246
2023-09-15,241.52,242.42,240.17,240.62,1445700
2023-09-18,240.62,241.52,240.17,240.17,316803
2023-09-19,240.62,240.62,239.72,240.17,528993
2023-09-20,240.17,240.62,237.92,237.92,1666788
2023-09-21,237.92,238.82,236.57,237.02,1354638
2023-09-22,236.57,238.37,236.57,237.47,951796
2023-09-25,237.92,238.82,237.47,237.92,628241
2023-09-26,237.47,237.92,236.57,237.02,840733
2023-09-27,237.02,237.47,236.57,236.57,833700
2023-09-28,237.02,237.92,236.12,236.12,598882
2023-10-02,236.57,237.92,236.57,236.57,330965
2023-10-03,236.57,236.57,235.67,235.67,768944
2023-10-04,235.22,235.67,234.77,234.77,873788
2023-10-05,234.77,237.02,234.77,236.12,800384
2023-10-06,237.02,237.47,235.22,235.22,564190
2023-10-11,233.42,236.12,233.42,234.32,1885570
2023-10-12,236.12,237.02,234.77,236.12,829900
2023-10-13,235.67,237.92,235.67,236.57,829285
2023-10-16,236.57,237.47,236.12,236.12,424612
2023-10-17,236.12,236.12,233.42,233.42,1746966
2023-10-18,233.87,234.32,233.42,233.42,1164552
2023-10-19,232.97,233.87,232.97,232.97,941247
2023-10-20,232.97,234.32,232.52,233.87,918730
2023-10-23,234.32,234.77,232.52,232.52,685910
2023-10-24,233.42,233.87,232.52,232.52,956854
2023-10-25,233.87,233.87,231.62,231.62,921969
2023-10-26,231.62,232.07,230.27,230.72,1179295
2023-10-27,231.62,231.62,230.72,231.17,607470
2023-10-30,232.52,232.97,230.72,230.72,596146
2023-10-31,230.72,232.52,230.72,231.62,705738
2023-11-01,232.52,232.52,231.17,231.17,342717
2023-11-02,234.32,235.22,233.42,234.32,523452
2023-11-03,234.77,237.02,234.77,235.67,856668
2023-11-06,237.47,239.27,237.02,237.92,902431
2023-11-07,237.92,239.27,237.02,238.37,730109
2023-11-08,238.37,241.07,238.37,240.62,981187
2023-11-09,239.72,240.17,238.82,239.27,516517
2023-11-10,240.17,240.17,239.27,239.27,583966
2023-11-13,240.62,241.52,237.47,238.37,850368
2023-11-14,239.72,239.72,238.37,239.27,797591
2023-11-15,241.07,241.52,239.72,241.07,1249649
2023-11-16,242.42,242.42,239.27,239.72,1170854
2023-11-17,239.72,241.97,239.72,240.62,772077
2023-11-20,240.62,241.97,240.17,241.52,736030
2023-11-21,241.97,243.31,241.97,243.31,1411884
2023-11-22,242.86,244.66,242.42,244.66,797654
2023-11-23,244.66,245.56,244.66,245.56,777410
2023-11-24,246.01,246.01,243.76,243.76,1052287
2023-11-27,243.76,244.21,242.86,242.86,540282
2023-11-28,243.76,245.56,242.86,244.21,990105
2023-11-29,243.31,244.21,242.42,242.86,1005131
2023-11-30,243.31,244.66,242.42,242.42,2532180
2023-12-01,241.52,242.86,240.17,241.52,603715
2023-12-04,242.86,244.21,241.52,242.86,572371
2023-12-05,242.42,243.76,241.97,243.31,720505
2023-12-06,243.31,243.76,241.97,242.42,522253
2023-12-07,241.97,243.76,241.52,242.42,763297
2023-12-08,243.31,243.76,242.42,243.76,539987
2023-12-11,242.42,242.42,240.17,241.52,766435
2023-12-12,241.97,241.97,240.62,241.52,442623
2023-12-13,241.52,241.97,240.17,240.62,440154
2023-12-14,240.62,241.52,238.37,241.07,1429136
2023-12-15,240.17,242.86,240.17,240.62,2537377
2023-12-18,240.17,241.52,240.17,240.17,1912754
2023-12-19,239.72,241.97,239.27,240.62,2015540
2023-12-20,240.62,241.52,238.37,238.37,2601834
2023-12-21,237.92,241.07,237.92,240.62,1519825
2023-12-22,239.72,241.97,239.72,240.17,1452421
2023-12-25,240.17,241.52,240.17,240.62,270944
2023-12-26,241.07,241.97,240.17,240.62,413305
2023-12-27,240.62,241.52,240.17,240.62,588465
2023-12-28,240.62,241.52,239.27,241.52,540722
2023-12-29,241.07,242.42,240.62,242.42,515168
2024-01-02,241.52,243.76,241.52,242.86,586023
2024-01-03,241.52,242.86,239.27,240.17,563060
2024-01-04,240.62,241.07,239.72,240.62,304383
2024-01-05,240.62,241.07,240.17,240.62,173201
2024-01-08,241.52,242.42,240.62,241.07,336102
2024-01-09,241.97,242.42,241.07,241.97,634849
2024-01-10,241.07,241.97,241.07,241.07,355089
2024-01-11,241.97,242.86,241.52,242.86,449708
2024-01-12,241.52,241.97,240.62,241.07,348461
2024-01-15,241.97,242.42,240.62,241.07,287377
2024-01-16,239.72,240.17,238.37,238.37,1338099
2024-01-17,237.92,239.72,236.57,236.57,1277726
2024-01-18,237.92,239.27,237.02,237.92,508603
2024-01-19,237.02,238.82,237.02,238.37,524593
2024-01-22,238.37,238.82,237.92,237.92,286083
2024-01-23,237.92,238.37,237.02,237.02,1118445
2024-01-24,237.47,238.37,237.02,237.47,328501
2024-01-25,237.47,239.72,237.47,239.72,595633
2024-01-26,238.37,239.27,237.92,238.37,856690
2024-01-29,237.92,239.27,237.47,237.92,813886
2024-01-30,237.92,237.92,236.57,237.02,1455776
2024-01-31,237.92,238.82,237.02,237.47,936617
2024-02-01,239.27,242.86,239.27,242.86,1011749
2024-02-02,242.86,242.86,241.07,242.86,542354
2024-02-05,241.07,241.07,239.27,240.17,579184
2024-02-15,238.82,239.27,238.37,238.82,1209335
2024-02-16,240.17,240.17,238.37,238.37,709457
2024-02-19,240.17,241.52,238.82,241.07,681364
2024-02-20,241.07,242.86,241.07,242.86,625509
2024-02-21,242.86,243.31,241.52,243.31,717691
2024-02-22,242.86,243.76,241.07,241.52,892089
2024-02-23,241.52,243.31,241.52,242.86,532581
2024-02-26,241.97,243.31,241.97,243.31,528737
2024-02-27,242.42,243.31,241.07,241.07,876165
2024-02-29,243.31,243.76,241.52,242.42,2397990
2024-03-01,241.97,244.21,241.97,243.31,750009
2024-03-04,242.86,242.86,241.52,241.97,628649
2024-03-05,241.52,243.31,241.52,241.52,789231
2024-03-06,241.52,242.86,241.07,242.86,385284
2024-03-07,241.07,241.97,240.17,240.17,1516230
2024-03-08,240.62,243.31,240.62,241.52,848543
2024-03-11,242.42,242.42,241.07,241.07,432489
2024-03-12,242.42,243.31,240.62,240.62,871898
2024-03-13,240.17,242.42,240.17,241.07,922486
2024-03-14,241.07,242.86,240.62,240.62,1108219
2024-03-15,241.97,241.97,240.62,240.62,2348672
2024-03-18,241.07,242.86,241.07,241.52,550779
2024-03-19,240.62,241.07,239.27,239.27,1489706
2024-03-20,239.72,240.62,239.27,239.27,833547
2024-03-21,240.62,241.52,240.17,240.62,650994
2024-03-22,240.17,241.07,239.72,240.62,688685
2024-03-25,240.17,241.07,240.17,240.62,298522
2024-03-26,241.07,241.07,239.27,239.27,1144641
2024-03-27,239.27,241.52,239.27,241.52,409018
2024-03-28,240.62,241.07,238.82,238.82,921500
2024-03-29,239.72,240.62,239.72,239.72,150000
2024-04-01,240.62,242.42,240.17,242.42,753378
2024-04-02,241.52,244.21,241.52,244.21,1034524
2024-04-03,243.76,244.21,242.42,242.42,1052844
2024-04-08,244.21,245.11,242.86,244.66,924820
2024-04-09,245.11,245.56,243.76,245.56,672742
2024-04-10,246.01,248.26,246.01,248.26,923357
2024-04-11,246.46,249.61,246.46,249.61,808781
2024-04-12,247.36,248.71,246.01,247.36,1358652
2024-04-15,247.36,247.81,246.01,247.81,802078
2024-04-16,246.46,246.91,242.86,242.86,1366356
2024-04-17,242.86,245.56,242.42,245.11,972815
2024-04-18,243.76,245.11,243.31,244.21,1213532
2024-04-19,244.21,245.56,242.42,242.86,1855336
2024-04-22,245.11,249.61,244.21,249.61,1569730
2024-04-23,247.81,249.16,246.46,248.26,1129932
2024-04-24,249.16,249.16,247.36,248.26,915468
2024-04-25,245.56,246.91,245.11,246.91,691619
2024-04-26,245.56,249.16,245.56,247.81,773399
2024-04-29,248.26,250.51,248.26,248.71,1341470
2024-04-30,248.26,249.16,246.46,246.46,1140456
2024-05-02,244.66,248.26,244.21,245.11,1317420
2024-05-03,247.36,248.71,245.56,246.91,927377
2024-05-06,247.81,249.16,246.01,246.46,1131502
2024-05-07,248.71,248.71,246.01,247.36,977483
2024-05-08,247.36,248.26,246.46,247.36,711574
2024-05-09,246.91,247.36,244.21,245.11,807779
2024-05-10,244.66,247.36,244.66,246.91,663932
2024-05-13,246.01,247.81,246.01,247.36,529916
2024-05-14,246.01,247.81,246.01,246.01,772721
2024-05-15,247.81,248.71,246.46,246.91,857826
2024-05-16,248.26,249.16,247.36,248.71,1458356
2024-05-17,248.26,249.16,247.81,247.81,672523
2024-05-20,249.16,249.16,246.91,249.16,1005512
2024-05-21,248.26,248.71,247.81,248.26,602610
2024-05-22,248.26,248.26,246.91,246.91,1072517
2024-05-23,246.01,246.91,244.21,245.11,1470633
2024-05-24,245.11,245.11,243.76,243.76,653798
2024-05-27,243.76,244.66,243.31,243.31,748127
2024-05-28,243.31,243.76,242.42,242.86,1538859
2024-05-29,242.86,243.31,241.07,241.07,1573949
2024-05-30,242.86,242.86,240.17,240.17,1394984
2024-05-31,241.97,242.86,240.62,242.86,4433528
2024-06-03,242.86,243.31,241.07,242.42,1093445
2024-06-04,241.97,244.66,241.07,243.76,1026125
2024-06-05,242.86,244.66,242.86,242.86,757384
2024-06-06,242.86,244.66,242.86,243.31,906034
2024-06-07,243.76,246.01,243.76,246.01,802608
2024-06-11,243.31,245.56,243.31,243.31,876635
2024-06-12,243.31,245.56,243.31,243.31,425717
2024-06-13,244.21,244.66,242.86,242.86,607281
2024-06-14,242.86,245.11,242.86,245.11,351660
2024-06-17,245.11,245.56,243.76,244.21,304500
2024-06-18,244.21,246.91,243.76,246.01,1243537
2024-06-19,246.01,247.81,245.56,246.46,1141699
2024-06-20,247.36,250.06,246.46,250.06,1244240
2024-06-21,250.06,250.06,247.36,247.36,1468103
2024-06-24,247.36,248.26,246.01,247.81,1039613
2024-06-25,249.16,250.06,248.26,250.06,876584
2024-06-26,248.26,250.06,248.26,250.06,1328365
2024-06-27,247.81,249.16,245.56,246.91,1197843
2024-06-28,247.81,248.26,246.01,246.01,1325361
2024-07-01,247.81,248.26,246.91,248.26,602491
2024-07-02,246.91,248.26,245.56,246.01,1179040
2024-07-03,246.01,247.36,244.21,244.21,1866490
2024-07-04,246.46,249.16,245.56,249.16,1145607
2024-07-05,249.61,250.96,249.16,250.96,993267
2024-07-08,249.61,251.86,249.61,251.86,1013110
2024-07-09,251.41,254.56,251.41,254.11,1367916
2024-07-10,253.66,254.56,251.41,251.41,810730
2024-07-11,251.86,253.66,250.51,252.76,973837
2024-07-12,253.66,254.56,252.31,253.66,1196753
2024-07-15,253.66,254.56,253.21,254.56,1167920
2024-07-16,253.21,254.11,251.41,252.31,1681641
2024-07-17,252.31,253.66,251.41,251.41,1912884
2024-07-18,252.31,255.46,251.86,253.21,2385664
2024-07-19,252.31,253.66,251.41,253.66,2359962
2024-07-22,253.66,253.66,251.41,253.66,1610268
2024-07-23,253.66,254.56,253.21,254.56,1334296
2024-07-26,252.76,254.56,252.31,254.11,2419472
2024-07-29,254.56,254.56,252.76,253.66,2049104
2024-07-30,253.66,253.66,247.36,248.71,1757974
2024-07-31,248.26,250.51,246.46,249.61,2897223
2024-08-01,249.15,253.79,249.15,253.79,2154535
2024-08-02,252.4,254.26,251.47,254.26,1264852
2024-08-05,249.61,253.33,246.36,253.33,2352805
2024-08-06,253.79,258.91,253.33,258.91,3299837
2024-08-07,256.58,260.77,256.58,260.77,2427815
2024-08-08,259.37,261.7,258.44,259.37,1949167
2024-08-09,258.44,264.02,258.44,264.02,3467450
2024-08-12,261.7,262.63,260.3,261.7,1408497
2024-08-13,262.16,263.09,260.3,263.09,1616673
2024-08-14,263.09,263.56,261.23,263.56,1505793
2024-08-15,264.95,265.88,257.98,258.44,1246857
2024-08-16,261.23,261.23,255.65,258.44,1491067
2024-08-19,258.44,259.84,255.65,257.51,819467
2024-08-20,258.44,260.3,257.05,260.3,1128057
2024-08-21,260.77,261.23,257.05,258.91,798306
2024-08-22,258.91,261.23,257.51,260.77,953508
2024-08-23,261.23,262.63,261.23,262.16,945557
2024-08-26,262.16,265.88,261.7,265.88,2121260
2024-08-27,264.95,270.99,264.49,270.99,2619769
2024-08-28,270.99,270.99,265.42,266.81,1163090
2024-08-29,265.42,269.13,265.42,266.34,1359859
2024-08-30,266.34,266.81,261.7,261.7,2632510
2024-09-02,263.09,264.49,260.3,264.49,1110124
2024-09-03,264.02,264.95,262.63,262.63,833135
2024-09-04,258.91,262.16,257.51,259.84,1727376
2024-09-05,261.23,264.95,260.77,263.56,1752385
2024-09-06,263.56,265.42,260.77,264.95,1136083
2024-09-09,260.3,265.88,260.3,265.88,1676272
2024-09-10,265.88,269.13,264.49,268.67,1788866
2024-09-11,268.67,269.13,265.42,266.81,1359528
2024-09-12,271.46,274.25,268.2,272.39,4209678
2024-09-13,270.99,272.39,269.13,270.06,1221807
2024-09-16,270.06,272.39,269.6,271.46,1025769
2024-09-18,271.46,273.78,270.06,271.46,1339600
2024-09-19,272.85,275.18,271.92,274.71,1736250
2024-09-20,275.64,277.04,274.25,277.04,2429115
2024-09-23,277.04,277.5,274.71,277.04,920571
2024-09-24,277.04,281.68,275.18,281.68,2148934
2024-09-25,283.54,284.47,281.22,281.68,2131288
2024-09-26,281.68,284.47,277.04,280.75,2513621
2024-09-27,281.22,281.22,273.78,277.04,1864556
2024-09-30,278.9,279.82,274.25,274.25,1576636
2024-10-01,275.64,276.11,270.06,276.11,1101824
2024-10-04,275.18,277.04,274.25,276.11,1146454
2024-10-07,275.18,275.64,268.67,270.53,1194881
2024-10-08,271.92,275.64,270.06,275.64,1901149
2024-10-09,273.78,276.11,272.85,276.11,837410
2024-10-11,276.11,276.11,273.32,273.32,692281
2024-10-14,273.32,275.18,272.85,274.25,485551
2024-10-15,274.25,274.71,270.53,273.32,1397545
2024-10-16,270.99,274.71,270.53,272.85,1066561
2024-10-17,274.25,276.11,273.32,275.64,841361
2024-10-18,276.57,276.57,273.78,276.11,933708
2024-10-21,277.97,277.97,273.32,274.71,825738
2024-10-22,272.85,274.71,271.92,274.71,860081
2024-10-23,273.78,273.78,269.13,269.13,1695643
2024-10-24,269.13,272.85,268.2,272.39,1638439
2024-10-25,271.46,274.25,271.46,274.25,504508
2024-10-28,274.25,275.18,271.46,271.46,559261
2024-10-29,270.99,274.25,270.99,274.25,628230
2024-10-30,275.64,275.64,272.85,274.25,1307585
2024-11-01,251.01,264.95,251.01,256.58,4654228
2024-11-04,257.51,258.91,252.86,252.86,1934146
2024-11-05,253.33,257.05,253.33,257.05,1147751
2024-11-06,257.05,259.37,257.05,258.44,1412430
2024-11-07,255.65,257.98,254.26,254.26,1496286
2024-11-08,254.72,256.58,253.79,253.79,1240430
2024-11-11,253.79,254.26,251.94,252.86,1077280
2024-11-12,252.4,252.86,251.01,251.01,1420326
2024-11-13,250.08,251.94,249.61,250.08,1141413
2024-11-14,250.08,251.47,249.15,249.15,1522415
2024-11-15,250.08,252.86,250.08,250.08,826963
2024-11-18,251.94,252.4,250.54,251.94,721604
2024-11-19,251.01,252.4,250.08,250.08,905920
2024-11-20,252.86,252.86,252.86,252.86,635279
2024-11-21,251.47,251.94,249.61,249.61,939391
2024-11-22,251.01,251.94,250.08,250.08,544318
2024-11-25,253.33,255.65,249.61,249.61,3536452
2024-11-26,251.47,252.86,251.01,251.47,742131
2024-11-27,251.94,255.19,251.94,253.33,997292
2024-11-28,253.33,253.33,250.54,251.94,1029298
2024-11-29,250.54,252.86,249.15,251.47,1663171
2024-12-02,252.4,254.26,251.94,252.86,602022
2024-12-03,255.19,255.65,252.86,255.19,1305673
2024-12-04,255.19,255.19,251.94,253.33,1036390
2024-12-05,253.33,253.33,251.47,251.47,605300
2024-12-06,253.33,253.79,251.47,252.86,892131
2024-12-09,253.33,253.33,251.01,251.01,1048450
2024-12-10,252.4,252.4,251.01,251.47,774254
2024-12-11,251.47,252.4,250.54,250.54,813649
2024-12-12,251.01,251.94,249.15,249.15,1551958
2024-12-13,249.15,249.61,248.22,249.15,1157116
2024-12-16,249.15,249.61,248.22,248.22,1487604
2024-12-17,248.22,249.15,245.89,245.89,3505191
2024-12-18,245.89,248.68,245.43,248.68,2071567
2024-12-19,245.89,247.75,245.89,246.82,2610221
2024-12-20,245.43,245.89,243.57,243.57,5535579
2024-12-23,245.89,247.75,244.5,247.75,2220284
2024-12-24,247.75,250.54,247.29,249.15,1890478
2024-12-25,250.08,251.47,247.75,251.01,1249857
2024-12-26,251.47,251.47,247.75,249.15,1046390
2024-12-27,248.22,248.22,246.82,246.82,669228
2024-12-30,247.75,247.75,245.43,245.43,628901
2024-12-31,244.96,245.89,244.5,244.5,1218092
2025-01-02,244.5,245.43,243.57,244.5,1178519
2025-01-03,245.43,246.36,243.57,244.96,590463
2025-01-06,245.89,247.29,244.96,246.82,827377
2025-01-07,247.29,247.29,243.57,243.57,1480668
2025-01-08,243.57,244.5,242.17,242.17,2274839
2025-01-09,242.64,243.1,241.71,241.71,952746
2025-01-10,240.31,241.24,239.85,241.24,1845067
2025-01-13,240.78,243.1,240.78,241.71,1186039
2025-01-14,242.64,243.57,239.85,239.85,1809423
2025-01-15,240.78,241.71,240.31,240.31,1076028
2025-01-16,242.17,242.64,240.78,240.78,1235479
2025-01-17,242.17,243.1,241.71,241.71,1293440
2025-01-20,242.64,243.1,241.24,241.24,1070106
2025-01-21,241.71,243.57,241.24,242.64,932596
2025-01-22,243.57,244.03,241.24,241.71,2613874
2025-02-03,241.71,243.1,239.38,239.85,3628126
2025-02-04,241.24,241.24,237.53,237.99,3705076
2025-02-05,239.85,241.71,238.46,240.31,1915408
2025-02-06,240.31,244.03,240.31,243.1,1670332
2025-02-07,243.57,243.57,241.24,241.71,1443116
2025-02-10,241.71,244.03,240.78,244.03,1047595
2025-02-11,245.43,245.43,240.78,241.24,2078449
2025-02-12,241.24,243.57,241.24,242.64,1404539
2025-02-13,243.57,244.96,242.17,244.5,1715586
2025-02-14,244.5,245.89,243.57,245.89,1150821
2025-02-17,246.36,246.36,244.5,245.43,1555763
2025-02-18,245.89,246.36,244.5,246.36,1098358
2025-02-19,247.29,248.22,246.36,247.29,926200
2025-02-20,247.29,248.22,245.43,245.89,1599102
2025-02-21,246.82,249.61,245.89,249.15,1252789
2025-02-24,248.68,250.54,248.22,248.22,1303926
2025-02-25,247.29,248.68,246.36,246.36,975557
2025-02-26,245.89,248.22,244.96,246.82,2087265
2025-02-27,246.82,247.29,244.03,244.03,2850454
2025-03-03,242.17,246.82,242.17,246.36,2006165
2025-03-04,244.5,245.43,243.57,244.5,1895534
2025-03-05,244.03,244.5,243.1,243.1,1955833
2025-03-06,242.64,244.5,242.64,243.57,1249720
2025-03-07,244.96,244.96,242.64,243.57,1372596
2025-03-10,243.57,244.5,243.1,243.1,1056057
2025-03-11,241.71,242.64,239.38,241.71,2456176
2025-03-12,242.64,244.03,242.17,242.17,1729519
2025-03-13,243.57,243.57,240.78,241.71,1182557
2025-03-14,243.57,243.57,240.78,240.78,997286
2025-03-17,241.71,242.17,239.85,241.24,1588417
2025-03-18,241.71,242.17,239.85,239.85,2167374
2025-03-19,239.85,241.24,238.92,238.92,1632703
2025-03-20,239.38,240.78,238.92,240.31,1532379
2025-03-21,239.85,242.17,238.92,241.71,2767712
2025-03-24,241.24,242.64,239.38,239.38,1651802
2025-03-25,240.78,241.24,238.92,238.92,1218718
2025-03-26,238.46,239.85,237.99,238.46,1459858
2025-03-27,239.38,239.38,237.99,238.92,836434
2025-03-28,238.92,239.85,237.99,238.92,968415
2025-03-31,237.99,237.99,233.34,233.34,3038855
2025-04-01,234.74,236.6,234.74,234.74,1572569
2025-04-02,233.81,237.99,233.81,236.13,1601129
2025-04-07,212.89,226.37,212.89,219.4,5081053
2025-04-08,227.76,237.99,224.98,236.13,5463779
2025-04-09,231.48,237.06,229.62,230.09,4407824
2025-04-10,241.71,241.71,233.34,234.74,5451962
2025-04-11,234.74,237.53,232.88,237.06,2837620
2025-04-14,237.99,239.38,232.41,232.88,3381265
2025-04-15,233.34,235.2,233.34,233.34,1871586
2025-04-16,233.34,238.46,232.41,238.46,2136346
2025-04-17,238.46,239.38,233.81,236.13,1828958
2025-04-18,237.53,237.99,234.74,237.99,1036585
2025-04-21,237.06,237.99,236.13,236.6,908999
2025-04-22,237.99,237.99,235.2,236.13,1337550
2025-04-23,235.67,239.38,235.67,239.38,1161433
2025-04-24,238.46,240.78,237.53,240.78,970217
2025-04-25,239.85,240.78,239.38,239.38,836772
2025-04-28,240.31,241.24,238.92,240.31,1073504
2025-04-29,240.31,241.24,239.38,241.24,740219
2025-04-30,240.31,242.64,239.85,242.64,1653650
2025-05-02,243.1,243.1,240.31,242.64,748766
2025-05-05,242.64,244.5,241.24,241.24,1588508
2025-05-06,243.57,244.5,242.17,243.1,1098067
2025-05-07,244.96,244.96,241.24,241.24,999470
2025-05-08,243.1,243.1,240.31,242.64,986408
2025-05-09,241.71,244.03,240.31,244.03,1395747
2025-05-12,244.96,244.96,242.17,243.57,1196261
2025-05-13,243.1,243.57,241.24,241.71,1176509
2025-05-14,243.1,243.1,237.99,240.31,1992426
2025-05-15,240.31,240.78,238.92,238.92,726115
2025-05-16,239.38,242.17,239.38,242.17,877076
2025-05-19,242.17,243.1,240.78,242.17,701730
2025-05-20,242.17,244.03,240.78,244.03,904451
2025-05-21,243.57,244.5,242.17,243.1,1201211
2025-05-22,242.17,243.57,241.71,242.64,619579
2025-05-23,241.71,242.64,240.78,242.64,744080
2025-05-26,242.17,242.64,240.78,241.71,762688
2025-05-27,241.71,242.17,240.78,241.24,1316211
2025-05-28,242.17,242.17,239.85,241.24,1152291
2025-05-29,241.24,241.24,237.53,237.53,3248434
2025-06-02,238.92,239.85,236.13,236.13,1643294
2025-06-03,237.53,238.46,235.2,235.2,1111392
2025-06-04,237.06,237.53,235.2,235.2,1224421
2025-06-05,235.67,238.46,235.67,238.46,760878
2025-06-06,238.46,239.85,237.06,238.46,714269
2025-06-09,239.38,239.85,237.53,237.53,388926
2025-06-10,237.99,240.78,237.06,240.31,871552
2025-06-11,239.85,241.24,239.85,241.24,862189
2025-06-12,240.78,243.1,240.78,242.64,954380
2025-06-13,240.78,243.1,240.78,242.64,1475635
2025-06-16,241.71,243.57,241.71,243.57,1089478
2025-06-17,243.57,243.57,241.24,243.1,1846051
2025-06-18,241.71,243.57,241.24,242.17,2217111
2025-06-19,241.24,242.17,239.38,239.38,1969976
2025-06-20,240.78,241.71,238.92,238.92,2003156
2025-06-23,237.53,239.85,236.6,238.92,1598333
2025-06-24,240.78,241.24,238.92,240.31,1309271
2025-06-25,240.31,241.24,238.92,240.31,1510400
2025-06-26,240.31,241.71,238.92,240.31,1734228
2025-06-27,239.38,242.17,239.38,241.71,907012
2025-06-30,240.78,242.64,238.46,238.46,976531
2025-07-01,239.85,243.1,239.38,241.71,1742400
2025-07-02,240.31,244.03,240.31,244.03,1740131
2025-07-03,243.1,244.96,243.1,244.03,1307338
2025-07-04,243.1,246.36,243.1,245.43,1721885
2025-07-07,245.43,245.89,243.57,244.5,912144
2025-07-08,244.96,245.43,242.64,244.96,1089699
2025-07-09,244.03,244.96,243.1,243.1,1039310
2025-07-10,243.1,245.89,242.64,244.96,1499880
2025-07-11,244.96,247.75,244.96,246.36,1359706
2025-07-14,246.36,249.61,246.36,249.61,1662099
2025-07-15,248.22,248.68,246.36,246.36,1180532
2025-07-16,244.96,247.75,244.96,244.96,1593780
2025-07-17,244.96,247.75,244.96,246.36,1380272
2025-07-18,247.29,247.75,244.5,244.96,976679
2025-07-21,244.96,246.82,244.96,246.82,780278
2025-07-22,247.75,248.68,246.82,246.82,1037815
2025-07-23,246.36,248.68,246.36,248.68,798728
2025-07-24,248.22,248.68,245.89,246.36,957872
2025-07-25,245.89,247.29,245.43,245.43,1147862
2025-07-28,245.89,246.82,244.03,244.03,1288335
2025-07-29,244.03,244.96,242.17,242.17,1269940
2025-07-30,242.64,244.5,241.71,244.03,1281646
2025-07-31,245.96,248.37,245.48,246.44,1917904
2025-08-04,246.44,249.81,245.96,249.33,1089713
2025-08-05,248.85,250.29,248.37,250.29,1099577
2025-08-06,249.33,249.33,247.4,248.37,1011478
2025-08-07,248.37,249.81,247.4,249.81,1232462
2025-08-08,248.85,250.29,248.37,248.85,746306
2025-08-11,248.85,248.85,246.92,246.92,998473
2025-08-12,246.44,247.4,245.96,246.44,939740
2025-08-13,246.44,248.37,246.44,248.37,827972
2025-08-14,248.85,248.85,245.48,246.92,1154030
2025-08-15,246.44,247.4,245.48,245.48,1266919
2025-08-18,245.48,246.92,244.51,246.44,912625
2025-08-19,245.48,246.92,245.48,246.44,460953
2025-08-20,245.96,246.92,245.0,246.44,788620
2025-08-21,246.92,248.37,245.96,247.88,890315
2025-08-22,246.44,247.88,245.48,245.48,701784
2025-08-25,245.48,246.92,245.0,245.0,668716
2025-08-26,244.51,244.51,242.59,242.59,2258825
2025-08-27,242.59,243.55,241.63,242.11,1157912
2025-08-28,241.63,243.07,241.15,241.15,1104638
2025-08-29,241.63,245.0,241.15,245.0,1911201
2025-09-01,245.0,245.0,241.63,242.11,575140
2025-09-02,242.11,243.55,242.11,242.59,616544
2025-09-03,242.11,243.55,241.63,243.07,453187
2025-09-04,244.03,244.03,242.59,243.07,293340
2025-09-05,244.03,244.03,242.59,243.07,271661
2025-09-08,242.11,243.55,242.11,243.55,408145
2025-09-09,244.03,244.51,243.07,244.03,957079
2025-09-10,244.51,245.48,243.07,245.48,854931
2025-09-11,245.0,245.96,243.55,243.55,794085
2025-09-12,243.55,244.03,242.11,244.03,887600
2025-09-15,244.03,244.51,242.11,242.11,795675
2025-09-16,242.11,242.59,240.66,240.66,1220394
2025-09-17,240.66,242.11,240.66,240.66,1144767
2025-09-18,241.63,242.11,240.66,241.15,737247
2025-09-19,241.15,241.15,238.74,238.74,2531331
2025-09-22,240.18,240.66,239.22,240.18,978088
2025-09-23,239.7,240.66,239.22,240.66,953770
2025-09-24,240.66,241.63,239.22,240.66,696995
2025-09-25,241.15,241.15,238.74,238.74,844045
2025-09-26,239.22,241.15,239.22,241.15,810675
2025-09-30,241.63,241.63,238.74,238.74,1667517
2025-10-01,240.18,241.15,238.74,238.74,860238
2025-10-02,238.74,239.7,238.74,238.74,871362
2025-10-03,239.7,239.7,237.78,238.74,987351
2025-10-07,237.78,238.74,236.81,237.29,1253914
2025-10-08,238.74,238.74,236.81,236.81,1192261
2025-10-09,237.29,238.26,235.85,238.26,1167531
2025-10-13,238.26,238.26,235.37,235.37,1605426
2025-10-14,235.85,235.85,233.93,233.93,2321658
2025-10-15,233.93,233.93,231.04,231.04,2217665
2025-10-16,231.04,232.48,230.56,230.56,1744634
2025-10-17,231.52,235.37,229.59,232.0,3045609
2025-10-20,233.93,235.85,232.96,234.89,1984883
2025-10-21,236.33,237.29,234.89,235.85,1216457
2025-10-22,236.81,238.74,236.33,238.26,1011597
2025-10-23,237.78,238.74,236.81,238.74,711031
2025-10-27,237.78,239.22,235.85,236.81,1005385
2025-10-28,236.81,236.81,234.89,234.89,1612991
2025-10-29,234.89,236.33,233.93,234.41,1091495
2025-10-30,233.44,233.93,231.04,232.0,1951248
2025-10-31,233.93,233.93,229.59,229.59,2077834
2025-11-03,229.59,230.56,227.19,227.19,2661425
2025-11-04,227.19,229.11,224.78,225.74,2589054
2025-11-05,225.26,230.56,222.37,230.56,2333756
2025-11-06,230.56,230.56,226.71,226.71,1543767
2025-11-07,226.71,228.63,226.71,227.19,831592
2025-11-10,229.11,229.59,227.19,227.67,681974
2025-11-11,228.63,230.56,227.67,229.11,1123218
2025-11-12,229.11,232.0,229.11,230.56,1304363
2025-11-13,229.59,229.59,226.22,228.15,2297632
2025-11-14,228.15,228.15,226.22,226.71,1692060
2025-11-17,226.22,229.59,226.22,228.15,1488445
2025-11-18,226.71,227.67,224.3,227.67,2576380
2025-11-19,227.67,228.63,225.26,227.19,3474698
2025-11-20,226.22,226.71,224.78,225.26,3168470
2025-11-21,224.78,226.22,223.34,224.3,3238930
2025-11-24,223.82,224.3,219.97,222.37,5902829
2025-11-25,222.37,225.74,219.97,225.74,2953419
2025-11-26,225.74,227.19,224.3,227.19,2086826
2025-11-27,226.22,230.07,226.22,230.07,1810065
2025-11-28,230.07,232.0,229.59,230.56,2057649
2025-12-01,232.0,233.93,231.04,231.04,1404869
2025-12-02,231.04,231.52,227.19,227.19,1721801
2025-12-03,227.19,228.63,226.22,226.71,1088842
2025-12-04,226.71,228.15,226.71,228.15,707207
2025-12-05,227.19,230.07,225.26,229.59,1696043
2025-12-08,226.71,227.19,223.82,224.3,3659918
2025-12-09,225.26,225.74,220.93,220.93,2605542
2025-12-10,221.41,222.37,219.97,219.97,1644786
2025-12-11,221.41,221.41,219.49,219.49,1562082
2025-12-12,221.41,221.89,218.52,219.49,1634475
2025-12-15,219.0,219.0,217.56,218.04,1596340
2025-12-16,217.56,218.52,217.08,217.08,1663822
2025-12-17,218.04,218.04,213.71,213.71,2794342
2025-12-18,213.71,214.19,212.27,213.23,2078678
2025-12-19,213.23,217.08,213.23,215.63,2019980
2025-12-22,216.12,216.6,212.75,213.23,2171505
2025-12-23,213.23,217.56,213.23,213.23,2090115
2025-12-24,213.23,214.67,212.27,213.23,2203293
2025-12-26,213.23,218.04,213.23,214.67,2090323
2025-12-29,214.67,218.04,214.67,216.6,1493004
2025-12-30,217.56,217.56,215.15,215.15,1498651
2025-12-31,215.63,217.08,213.23,213.23,1999003
2026-01-02,214.67,217.08,213.23,213.23,2632473
2026-01-05,214.19,214.19,212.27,212.27,2194920
2026-01-06,212.75,213.23,210.34,210.82,2842232
2026-01-07,209.86,212.75,207.93,211.78,2510265
2026-01-08,211.78,212.75,210.34,210.34,3564264
2026-01-09,210.34,212.75,210.34,212.75,772599
2026-01-12,213.23,216.12,213.23,214.67,1313507
2026-01-13,215.63,217.56,215.15,215.15,2792247
2026-01-14,216.6,217.08,214.19,214.67,2403951
2026-01-15,215.63,217.56,214.67,216.12,2655387
2026-01-16,214.67,215.15,210.34,211.78,5038755
2026-01-19,210.34,211.3,208.9,208.9,2790771
2026-01-20,208.9,210.82,208.9,209.38,3617274
2026-01-21,209.38,209.86,207.93,208.9,3423775
2026-01-22,209.38,209.38,204.08,205.53,6971045
2026-01-23,205.53,206.49,202.16,203.6,4835150
2026-01-26,203.12,206.49,203.12,206.01,3245041
2026-01-27,206.97,206.97,203.12,203.12,3252319
2026-01-28,203.12,203.6,199.27,200.71,5295238
2026-01-29,200.23,207.45,200.23,206.01,3962629
2026-01-30,206.01,206.01,203.6,205.53,3736529
2026-02-02,205.53,205.53,202.64,204.08,1425335
2026-02-03,204.08,206.97,204.08,206.49,1713557
2026-02-04,206.49,207.45,206.01,206.01,1089777
2026-02-05,206.01,211.78,205.53,210.82,2680756
2026-02-06,212.75,215.63,210.34,215.63,4517923
2026-02-09,216.6,216.6,211.78,212.27,1937289
2026-02-10,212.27,214.67,210.82,214.19,1210533
2026-02-11,215.15,215.15,213.23,214.67,1889587
2026-02-23,216.12,216.12,213.23,214.67,3197177
2026-02-24,214.67,215.15,212.27,213.71,2645088
2026-02-25,213.71,214.67,212.27,214.19,2583155
2026-02-26,214.67,215.63,212.27,214.67,5264315
2026-03-02,215.63,215.63,211.78,213.23,2156656
2026-03-03,212.75,216.12,212.27,215.15,2200196
2026-03-04,212.75,214.19,210.34,211.3,2761012
2026-03-05,211.78,213.23,210.82,211.78,1157341
2026-03-06,210.82,212.27,209.38,210.34,1470210
2026-03-09,206.97,210.82,206.01,210.82,2925702
2026-03-10,210.34,210.82,207.93,209.38,2280025
2026-03-11,208.9,209.38,207.93,208.41,2383000
2026-03-12,207.93,208.9,205.05,206.97,2773753
2026-03-13,206.97,210.34,206.97,210.34,3150746
2026-03-16,210.34,211.78,207.93,211.78,2338359
2026-03-17,211.78,212.27,210.82,211.78,1438861
2026-03-18,212.75,212.75,209.38,211.3,1880146
2026-03-19,208.9,209.38,205.05,206.49,4734202
2026-03-20,206.97,208.9,203.6,208.9,17996826
2026-03-23,206.97,207.45,202.16,202.16,5190431
2026-03-24,204.08,207.93,203.12,207.93,2292603
2026-03-25,211.3,211.3,205.53,207.93,1817116
2026-03-26,208.9,212.75,207.93,211.78,2680972
2026-03-27,212.27,215.63,212.27,215.15,3077444
2026-03-30,213.71,217.56,213.71,215.15,3403216
2026-03-31,215.63,217.08,214.67,216.12,3229931
2026-04-01,215.63,218.52,215.63,217.08,1761178
2026-04-02,218.04,221.41,217.08,218.52,2703679
2026-04-07,219.49,223.82,218.04,222.37,1980305
2026-04-08,222.37,222.37,218.04,220.45,2071114
2026-04-09,220.45,222.37,218.52,222.37,1939078
2026-04-10,222.37,222.37,217.56,219.0,1304536
2026-04-13,219.0,219.0,214.67,216.6,2258589
2026-04-14,216.6,219.49,216.12,219.0,1655985
2026-04-15,219.0,222.85,218.04,222.85,2529033
2026-04-16,222.85,225.26,222.37,225.26,3015857
2026-04-17,226.22,228.63,225.26,228.63,3642511
2026-04-20,228.63,230.07,227.19,229.11,3301625
2026-04-21,229.11,229.11,226.22,227.67,3237676
2026-04-22,227.67,230.56,227.67,229.59,3403960
2026-04-23,227.19,227.67,224.78,225.74,2619408
2026-04-24,223.82,225.26,219.0,219.49,3385433
2026-04-27,217.56,222.37,217.56,217.56,1931102
2026-04-28,217.56,218.04,215.15,215.63,1998218
2026-04-29,215.63,216.6,215.15,216.12,2211789
2026-04-30,215.63,218.04,215.63,215.63,2576970
2026-05-04,216.6,219.0,215.63,217.08,1971635
2026-05-05,216.6,218.04,215.63,215.63,1734468
2026-05-06,217.08,219.49,216.6,218.52,2133510
2026-05-07,217.56,221.41,217.56,219.97,2926849
2026-05-08,220.93,224.78,220.45,223.34,3013095
2026-05-11,222.85,222.85,217.56,219.0,2300967
2026-05-12,219.0,221.41,217.56,217.56,1462533
2026-05-13,216.6,218.52,216.12,217.08,1936912
2026-05-14,217.08,220.93,217.08,218.04,1370508
2026-05-15,218.52,220.45,218.52,219.0,1742126
2026-05-18,219.49,219.49,216.6,217.08,1744625
2026-05-19,217.08,220.93,216.6,219.0,2861487
2026-05-20,219.97,220.93,213.23,213.71,5252984
2026-05-21,214.67,215.63,210.34,212.75,6258447
2026-05-22,212.75,213.71,211.3,211.78,6221169
2026-05-25,212.75,212.75,204.56,204.56,8704729
2026-05-26,207.45,210.82,201.68,201.68,11439660
2026-05-27,202.64,202.64,198.79,198.79,13298912
2026-05-28,199.75,203.6,195.9,199.27,15176782
2026-05-29,201.2,209.86,197.34,206.01,17162107
2026-06-01,208.9,221.89,207.45,219.0,14714999
2026-06-02,217.08,224.78,211.78,224.3,13502952
2026-06-03,224.3,231.04,217.56,230.07,12405055
2026-06-04,227.67,240.66,225.26,236.81,13143582
2026-06-05,233.44,237.78,223.34,223.34,5369485
2026-06-08,217.08,220.93,213.23,213.71,5846896
2026-06-09,212.75,217.08,212.75,215.63,3838408
2026-06-10,213.71,219.49,212.75,219.0,3393734
2026-06-11,221.89,222.85,216.6,220.45,3233534
2026-06-12,220.45,221.89,218.52,221.41,1628591
2026-06-15,223.34,223.34,219.49,219.49,3537468
2026-06-16,221.41,221.89,219.0,219.49,2386404
2026-06-17,219.97,221.41,218.52,220.45,2533563
2026-06-18,220.45,220.45,215.15,215.15,6553856
2026-06-22,216.12,217.08,212.75,212.75,3269502
2026-06-23,212.75,219.49,212.75,218.52,4400207
2026-06-24,218.52,220.45,216.6,216.6,3786724
2026-06-25,217.08,221.89,217.08,217.56,4836564
2026-06-26,217.56,219.0,214.19,214.67,3408117
2026-06-29,217.08,218.04,215.15,215.63,2515169
2026-06-30,216.6,216.6,214.67,214.67,1931466
2026-07-01,215.15,216.6,213.23,215.15,2453080
2026-07-02,216.12,220.93,215.63,219.97,3862808
2026-07-03,218.52,228.63,218.52,222.37,3524745
2026-07-06,222.85,232.0,222.85,231.04,4169831
2026-07-07,231.04,233.93,230.07,231.04,3285302
2026-07-08,231.04,232.96,230.56,232.0,2301775
2026-07-09,231.04,235.37,231.04,232.0,2861708
2026-07-10,232.0,232.0,232.0,232.0,0
2026-07-13,231.04,234.89,230.07,230.56,2315080
2026-07-14,232.96,232.96,229.59,232.96,2652026
2026-07-15,233.44,235.37,232.0,235.37,3672480
2026-07-16,235.37,239.7,233.93,236.33,4999177
2026-07-17,235.85,237.29,231.52,233.93,5551606
2026-07-20,235.37,237.29,229.11,234.41,5493984
2026-07-21,233.93,235.85,232.96,233.93,4880768
2026-07-22,233.93,233.93,228.15,230.56,5252040
2026-07-23,230.56,230.56,223.34,228.15,4178197
2026-07-24,225.26,232.0,225.26,232.0,2785443
2026-07-27,231.52,232.48,228.63,230.56,3379693
2026-07-28,230.07,230.07,228.15,228.63,2413683
2026-07-29,230.56,232.96,228.63,232.0,4910221
2026-07-30,232.5,235.0,224.0,230.0,6920225
2026-07-31,226.5,230.5,223.0,224.0,6208356
2026-08-03,225.0,225.0,220.0,220.5,2709697
2026-08-04,218.0,222.0,218.0,221.5,3713491
2026-08-05,222.0,222.0,218.5,221.5,3328393
2026-08-06,220.0,224.0,219.5,220.0,2040045
2026-08-07,221.5,222.0,219.5,221.0,2353774
2026-08-10,222.0,222.0,219.0,219.5,1433910
2026-08-11,219.0,220.0,217.0,219.0,3057041
2026-08-12,219.5,221.0,219.0,219.5,1160636
2026-08-13,220.0,220.0,216.0,217.0,3807175
2026-08-14,217.0,217.0,214.0,214.5,2611515
2026-08-17,214.5,214.5,212.0,213.0,2285313
2026-08-18,213.0,216.0,212.5,215.0,1638820
2026-08-19,215.0,218.5,213.5,218.5,2583056
2026-08-20,219.0,220.0,217.5,220.0,1939856
2026-08-21,219.0,225.5,219.0,223.5,5408800
2026-08-24,222.5,224.0,220.0,223.5,2456966
2026-08-25,222.5,225.5,222.0,224.0,1343195
2026-08-26,223.5,224.0,222.0,223.0,568909
2026-08-27,223.5,223.5,220.0,220.5,924771
2026-08-28,220.5,220.5,218.0,218.5,1043752
2026-08-31,219.0,219.5,216.5,216.5,2602581
2026-09-01,216.5,218.0,215.5,216.0,1728780
2026-09-02,215.5,218.0,215.0,217.0,1145898
2026-09-03,217.5,217.5,216.5,216.5,867765
2026-09-04,216.5,217.0,215.5,216.0,784961
2026-09-07,217.5,217.5,214.0,215.0,1274312
2026-09-08,215.5,218.5,215.0,217.0,1917892
2026-09-09,216.0,218.5,216.0,217.5,1190520
2026-09-10,217.0,219.0,217.0,218.5,1286888
2026-09-11,217.0,218.0,216.0,216.5,1073428
2026-09-14,216.0,217.0,215.5,216.5,997378
2026-09-15,216.0,217.0,215.0,215.5,1088484
2026-09-16,216.0,216.5,214.5,215.0,1469859
2026-09-17,215.0,217.5,215.0,217.5,868884
2026-09-18,217.5,217.5,214.5,216.5,2733461
2026-09-21,216.0,216.0,214.5,215.0,1125160
2026-09-22,216.0,216.0,214.0,214.0,933269
2026-09-23,214.5,214.5,213.0,213.0,2205261
2026-09-24,213.0,213.5,212.0,212.5,2111314
2026-09-29,213.0,213.0,211.5,212.0,1428141
2026-09-30,214.0,214.0,212.0,212.5,1661127
