type,start_date,end_date,start_val,end_val,pct,point_change,days,total_vol,vpp
盤整,2016-07-18,2016-12-26,9008.21,9110.54,1.14,102.33,110,191825000,1874572.4616436698
上漲,2016-12-26,2017-02-16,9110.54,9771.25,7.25,660.71,31,63713400,96431.71739492378
盤整,2017-02-16,2017-04-21,9771.25,9717.41,-0.55,53.84,42,97206100,1805462.481426444
上漲,2017-04-21,2017-08-08,9717.41,10568.97,8.76,851.56,74,157052800,184429.51759124442
盤整,2017-08-08,2017-12-08,10568.97,10398.62,-1.61,170.35,85,226691900,1330742.0017610914
上漲,2017-12-08,2018-01-24,10398.62,11152.16,7.25,753.54,32,86559900,114871.00883828345
下跌,2018-01-24,2018-03-22,11152.16,11005.84,-1.31,146.32,34,90416600,617937.3974849657
盤整,2018-03-22,2018-10-01,11005.84,11051.8,0.42,45.96,131,309857600,6741897.302001868
下跌,2018-10-01,2018-10-12,11051.8,10045.81,-9.1,1005.99,8,20721500,20598.117277507732
盤整,2018-10-12,2018-12-04,10045.81,10083.54,0.38,37.73,37,76967100,2039944.341372838
下跌,2018-12-04,2019-01-07,10083.54,9590.3,-4.89,493.24,22,40821600,82762.14418944098
上漲,2019-01-07,2019-05-03,9590.3,11096.3,15.7,1506.0,72,150846900,100163.94422310757
盤整,2019-05-03,2019-07-24,11096.3,10935.76,-1.45,160.54,57,116558500,726040.2391927289
上漲,2019-07-24,2020-01-06,10935.76,11953.36,9.31,1017.6,111,233090400,229058.96226415088
下跌,2020-01-06,2020-02-03,11953.36,11354.92,-5.01,598.44,13,35183700,58792.36013635447
盤整,2020-02-03,2020-03-06,11354.92,11321.81,-0.29,33.11,23,56653700,1711075.2038658715
下跌,2020-03-06,2020-03-20,11321.81,9234.09,-18.44,2087.72,10,46179800,22119.728699250863
上漲,2020-03-20,2020-07-28,9234.09,12586.73,36.31,3352.64,87,279585800,83392.72931182593
盤整,2020-07-28,2020-11-03,12586.73,12736.01,1.19,149.28,67,257438500,1724534.431939971
上漲,2020-11-03,2021-05-03,12736.01,17222.35,35.23,4486.34,116,718393400,160129.05843070304
下跌,2021-05-03,2021-05-18,17222.35,16145.98,-6.25,1076.37,11,122720000,114012.83945111821
上漲,2021-05-18,2021-06-03,16145.98,17246.16,6.81,1100.18,12,107269400,97501.68154302021
盤整,2021-06-03,2021-09-07,17246.16,17428.87,1.06,182.71,67,426425500,2333892.5072519407
下跌,2021-09-07,2021-10-06,17428.87,16393.16,-5.94,1035.71,19,81548700,78737.0016703518
上漲,2021-10-06,2022-01-06,16393.16,18367.92,12.05,1974.76,64,297342700,150571.56312665856
下跌,2022-01-06,2022-04-27,18367.92,16303.35,-11.24,2064.57,69,283168800,137156.3085775732
盤整,2022-04-27,2022-06-02,16303.35,16552.57,1.53,249.22,25,85971900,344963.8873284657
下跌,2022-06-02,2022-07-01,16552.57,14343.08,-13.35,2209.49,20,68188500,30861.64680537138
盤整,2022-07-01,2022-09-14,14343.08,14658.31,2.2,315.23,52,157070400,498272.37255337444
下跌,2022-09-14,2022-10-26,14658.31,12729.05,-13.16,1929.26,29,80923400,41945.3054539046
上漲,2022-10-26,2023-03-07,12729.05,15857.89,24.58,3128.84,83,221268500,70719.02046764934
盤整,2023-03-07,2023-04-27,15857.89,15411.49,-2.82,446.4,34,103922700,232801.74731182813
上漲,2023-04-27,2023-06-15,15411.49,17334.98,12.48,1923.49,34,118981700,61857.1970740685
盤整,2023-06-15,2023-10-13,17334.98,16782.57,-3.19,552.41,80,287206300,519915.09929219255
上漲,2023-10-13,2024-07-12,16782.57,23916.93,42.51,7134.36,182,715834000,100336.11984817138
下跌,2024-07-12,2024-08-07,23916.93,21295.28,-10.96,2621.65,16,82769900,31571.681956020046
上漲,2024-08-07,2024-09-27,21295.28,22822.79,7.17,1527.51,36,133551500,87430.85151652024
盤整,2024-09-27,2025-02-24,22822.79,23565.31,3.25,742.52,94,299479600,403328.664547756
下跌,2025-02-24,2025-04-10,23565.31,19000.03,-19.37,4565.28,30,101102100,22145.870570917872
上漲,2025-04-10,2025-05-21,19000.03,21803.91,14.76,2803.88,28,85978800,30664.222434626292
盤整,2025-05-21,2025-06-24,21803.91,22188.76,1.77,384.85,23,82343400,213962.3229829812
上漲,2025-06-24,2025-10-09,22188.76,27301.92,23.04,5113.16,75,294724400,57640.363297843214
盤整,2025-10-09,2025-12-19,27301.92,27696.35,1.44,394.43,49,230762200,585052.3540298655
上漲,2025-12-19,2026-03-02,27696.35,35095.09,26.71,7398.74,41,272466800,36826.10822923904
下跌,2026-03-02,2026-03-10,35095.09,32771.87,-6.62,2323.22,6,48786000,20999.302691953464
上漲,2026-03-10,2026-06-24,32771.87,46043.6,40.5,13271.73,72,524033400,39484.93527219135
下跌,2026-06-24,2026-07-30,46043.6,39933.3,-13.27,6110.3,25,160567700,26278.202379588583
上漲,2026-07-30,2026-08-14,39933.3,45811.01,14.72,5877.71,11,61651800,10489.085034817983
盤整,2026-08-14,2026-09-15,45811.01,45511.49,-0.65,299.52,22,92518200,308888.22115384194
上漲,2026-09-15,2026-09-24,45511.49,48024.6,5.52,2513.11,7,29481200,11730.962830914681
